PassengerId,Survived,Sex,Age,Fare,Mr,Miss,Mrs,Master,Pclass_1,Pclass_2,Pclass_3,Embarked_S,Embarked_C,Embarked_Q
1,0,0,0.2711736617240512,0.014151057562208049,1.0,0.0,0.0,0.0,0.0,0.0,1.0,1.0,0.0,0.0
2,1,1,0.4722292033174164,0.13913573538264068,1.0,0.0,1.0,0.0,1.0,0.0,0.0,0.0,1.0,0.0
3,1,1,0.32143754712239253,0.015468569817999833,0.0,1.0,0.0,0.0,0.0,0.0,1.0,1.0,0.0,0.0
4,1,1,0.4345312892686604,0.10364429745562033,1.0,0.0,1.0,0.0,1.0,0.0,0.0,1.0,0.0,0.0
5,0,0,0.4345312892686604,0.015712553569072387,1.0,0.0,0.0,0.0,0.0,0.0,1.0,1.0,0.0,0.0
6,0,0,0.34656948982156316,0.01650950209357577,1.0,0.0,0.0,0.0,0.0,0.0,1.0,0.0,0.0,1.0
7,0,0,0.6732847449107816,0.10122885832000206,1.0,0.0,0.0,0.0,1.0,0.0,0.0,1.0,0.0,0.0
8,0,0,0.01985423473234481,0.04113566043083236,0.0,0.0,0.0,1.0,0.0,0.0,1.0,1.0,0.0,0.0
9,1,1,0.33400351847197784,0.021730754366528396,1.0,0.0,1.0,0.0,0.0,0.0,1.0,1.0,0.0,0.0
10,1,1,0.17064589092736868,0.058694292654020104,1.0,0.0,1.0,0.0,0.0,1.0,0.0,0.0,1.0,0.0
11,1,1,0.04498617743151546,0.03259622914329302,0.0,1.0,0.0,0.0,0.0,0.0,1.0,1.0,0.0,0.0
12,1,1,0.723548630309123,0.051822148727810165,0.0,1.0,0.0,0.0,1.0,0.0,0.0,1.0,0.0,0.0
13,0,0,0.24604171902488062,0.015712553569072387,1.0,0.0,0.0,0.0,0.0,0.0,1.0,1.0,0.0,0.0
14,0,0,0.4847951746670017,0.06104473451835265,1.0,0.0,0.0,0.0,0.0,0.0,1.0,1.0,0.0,0.0
15,0,1,0.17064589092736868,0.015330377421392339,0.0,1.0,0.0,0.0,0.0,0.0,1.0,1.0,0.0,0.0
16,1,1,0.685850716260367,0.03122992013728673,1.0,0.0,1.0,0.0,0.0,1.0,0.0,1.0,0.0,0.0
17,0,0,0.01985423473234481,0.05684821399990475,0.0,0.0,0.0,1.0,0.0,0.0,1.0,0.0,0.0,1.0
18,1,0,0.34656948982156316,0.025374310111545468,1.0,0.0,0.0,0.0,0.0,1.0,0.0,1.0,0.0,0.0
19,0,1,0.38426740387031916,0.03513366015444757,1.0,0.0,1.0,0.0,0.0,0.0,1.0,1.0,0.0,0.0
20,1,1,0.34656948982156316,0.014102260811993537,1.0,0.0,1.0,0.0,0.0,0.0,1.0,0.0,1.0,0.0
21,0,0,0.4345312892686604,0.050748620223090936,1.0,0.0,0.0,0.0,0.0,1.0,0.0,1.0,0.0,0.0
22,1,0,0.4219653179190751,0.025374310111545468,1.0,0.0,0.0,0.0,0.0,1.0,0.0,1.0,0.0,0.0
23,1,1,0.18321186227695402,0.015671954672893913,0.0,1.0,0.0,0.0,0.0,0.0,1.0,0.0,0.0,1.0
24,1,0,0.34656948982156316,0.06929138530460494,1.0,0.0,0.0,0.0,1.0,0.0,0.0,1.0,0.0,0.0
25,0,1,0.09525006282985675,0.04113566043083236,0.0,1.0,0.0,0.0,0.0,0.0,1.0,1.0,0.0,0.0
26,1,1,0.4722292033174164,0.06126431989431795,1.0,0.0,1.0,0.0,0.0,0.0,1.0,1.0,0.0,0.0
27,0,0,0.34656948982156316,0.014102260811993537,1.0,0.0,0.0,0.0,0.0,0.0,1.0,0.0,1.0,0.0
28,0,0,0.2334757476752953,0.5133418122566507,1.0,0.0,0.0,0.0,1.0,0.0,0.0,1.0,0.0,0.0
29,1,1,0.34656948982156316,0.01537917417160685,0.0,1.0,0.0,0.0,0.0,0.0,1.0,0.0,0.0,1.0
30,0,0,0.34656948982156316,0.015411575213749286,1.0,0.0,0.0,0.0,0.0,0.0,1.0,1.0,0.0,0.0
31,0,0,0.49736114601658704,0.05410739813385612,0.0,0.0,0.0,0.0,1.0,0.0,0.0,0.0,1.0,0.0
32,1,1,0.34656948982156316,0.2859895551532101,1.0,0.0,1.0,0.0,1.0,0.0,0.0,0.0,1.0,0.0
33,1,1,0.34656948982156316,0.015126992566498259,0.0,1.0,0.0,0.0,0.0,0.0,1.0,0.0,0.0,1.0
34,0,0,0.8240764011058055,0.020494635090094415,1.0,0.0,0.0,0.0,0.0,1.0,0.0,1.0,0.0,0.0
35,0,0,0.34656948982156316,0.16038672010106003,1.0,0.0,0.0,0.0,1.0,0.0,0.0,0.0,1.0,0.0
36,0,0,0.5224930887157577,0.10149724044618187,1.0,0.0,0.0,0.0,1.0,0.0,0.0,1.0,0.0,0.0
37,1,0,0.34656948982156316,0.014110458666029575,1.0,0.0,0.0,0.0,0.0,0.0,1.0,0.0,1.0,0.0
38,0,0,0.2586076903744659,0.015712553569072387,1.0,0.0,0.0,0.0,0.0,0.0,1.0,1.0,0.0,0.0
39,0,1,0.22090977632571,0.03513366015444757,0.0,1.0,0.0,0.0,0.0,0.0,1.0,1.0,0.0,0.0
40,1,1,0.17064589092736868,0.021942337075458514,0.0,1.0,0.0,0.0,0.0,0.0,1.0,0.0,1.0,0.0
41,0,1,0.49736114601658704,0.018493968331299484,1.0,0.0,1.0,0.0,0.0,0.0,1.0,1.0,0.0,0.0
42,0,1,0.33400351847197784,0.04098927018018883,1.0,0.0,1.0,0.0,0.0,1.0,0.0,1.0,0.0,0.0
43,0,0,0.34656948982156316,0.015411575213749286,1.0,0.0,0.0,0.0,0.0,0.0,1.0,0.0,1.0,0.0
44,1,1,0.032420206081930136,0.08115719346076702,0.0,1.0,0.0,0.0,0.0,1.0,0.0,0.0,1.0,0.0
45,1,1,0.2334757476752953,0.01537917417160685,0.0,1.0,0.0,0.0,0.0,0.0,1.0,0.0,0.0,1.0
46,0,0,0.34656948982156316,0.015712553569072387,1.0,0.0,0.0,0.0,0.0,0.0,1.0,1.0,0.0,0.0
47,0,0,0.34656948982156316,0.030253985132996517,1.0,0.0,0.0,0.0,0.0,0.0,1.0,0.0,0.0,1.0
48,1,1,0.34656948982156316,0.015126992566498259,0.0,1.0,0.0,0.0,0.0,0.0,1.0,0.0,0.0,1.0
49,0,0,0.34656948982156316,0.04231498029001666,1.0,0.0,0.0,0.0,0.0,0.0,1.0,0.0,1.0,0.0
50,0,1,0.22090977632571,0.034743286152731485,1.0,0.0,1.0,0.0,0.0,0.0,1.0,1.0,0.0,0.0
51,0,0,0.08268409148027142,0.07746484096553544,0.0,0.0,0.0,1.0,0.0,0.0,1.0,1.0,0.0,0.0
52,0,0,0.2586076903744659,0.01522458606692728,1.0,0.0,0.0,0.0,0.0,0.0,1.0,1.0,0.0,0.0
53,1,1,0.610454888162855,0.1497654242623688,1.0,0.0,1.0,0.0,1.0,0.0,0.0,0.0,1.0,0.0
54,1,1,0.35913546117114853,0.050748620223090936,1.0,0.0,1.0,0.0,0.0,1.0,0.0,1.0,0.0,0.0
55,0,0,0.8115104297562202,0.1209753416358076,1.0,0.0,0.0,0.0,1.0,0.0,0.0,0.0,1.0,0.0
56,1,0,0.34656948982156316,0.06929138530460494,1.0,0.0,0.0,0.0,1.0,0.0,0.0,1.0,0.0,0.0
57,1,1,0.2586076903744659,0.020494635090094415,0.0,1.0,0.0,0.0,0.0,1.0,0.0,1.0,0.0,0.0
58,0,0,0.35285247549635584,0.014110458666029575,1.0,0.0,0.0,0.0,0.0,0.0,1.0,0.0,1.0,0.0
59,1,1,0.05755214878110078,0.05416439273810667,0.0,1.0,0.0,0.0,0.0,1.0,0.0,1.0,0.0,0.0
60,0,0,0.1329479768786127,0.09154270340242172,0.0,0.0,0.0,1.0,0.0,0.0,1.0,1.0,0.0,0.0
61,0,0,0.2711736617240512,0.014110458666029575,1.0,0.0,0.0,0.0,0.0,0.0,1.0,0.0,1.0,0.0
62,1,1,0.4722292033174164,0.15614960068643363,0.0,1.0,0.0,0.0,1.0,0.0,0.0,1.0,0.0,0.0
63,0,0,0.5601910027645137,0.16293234896625058,1.0,0.0,0.0,0.0,1.0,0.0,0.0,1.0,0.0,0.0
64,0,0,0.04498617743151546,0.05445717323939373,0.0,0.0,0.0,1.0,0.0,0.0,1.0,1.0,0.0,0.0
65,0,0,0.34656948982156316,0.05410739813385612,1.0,0.0,0.0,0.0,1.0,0.0,0.0,0.0,1.0,0.0
66,1,0,0.34656948982156316,0.029757819776815374,0.0,0.0,0.0,1.0,0.0,0.0,1.0,0.0,1.0,0.0
67,1,1,0.35913546117114853,0.020494635090094415,1.0,0.0,1.0,0.0,0.0,1.0,0.0,1.0,0.0,0.0
68,0,0,0.2334757476752953,0.015923941091001644,1.0,0.0,0.0,0.0,0.0,0.0,1.0,1.0,0.0,0.0
69,1,1,0.20834380497612465,0.015468569817999833,0.0,1.0,0.0,0.0,0.0,0.0,1.0,1.0,0.0,0.0
70,0,0,0.32143754712239253,0.016908073949327893,1.0,0.0,0.0,0.0,0.0,0.0,1.0,1.0,0.0,0.0
71,0,0,0.39683337521990447,0.020494635090094415,1.0,0.0,0.0,0.0,0.0,1.0,0.0,1.0,0.0,0.0
72,0,1,0.19577783362653933,0.09154270340242172,0.0,1.0,0.0,0.0,0.0,0.0,1.0,1.0,0.0,0.0
73,0,0,0.2586076903744659,0.1434624456306609,1.0,0.0,0.0,0.0,0.0,1.0,0.0,1.0,0.0,0.0
74,0,0,0.32143754712239253,0.028212719478023115,1.0,0.0,0.0,0.0,0.0,0.0,1.0,0.0,1.0,0.0
75,1,0,0.39683337521990447,0.11027245763075773,1.0,0.0,0.0,0.0,0.0,0.0,1.0,1.0,0.0,0.0
76,0,0,0.3088715757728072,0.014931805565640218,1.0,0.0,0.0,0.0,0.0,0.0,1.0,1.0,0.0,0.0
77,0,0,0.34656948982156316,0.015411575213749286,1.0,0.0,0.0,0.0,0.0,0.0,1.0,1.0,0.0,0.0
78,0,0,0.34656948982156316,0.015712553569072387,1.0,0.0,0.0,0.0,0.0,0.0,1.0,1.0,0.0,0.0
79,1,0,0.005152048253329982,0.056604230248832196,0.0,0.0,0.0,1.0,0.0,1.0,0.0,1.0,0.0,0.0
80,1,1,0.37170143252073384,0.024349578357040744,0.0,1.0,0.0,0.0,0.0,0.0,1.0,1.0,0.0,0.0
81,0,0,0.2711736617240512,0.017566830077223785,1.0,0.0,0.0,0.0,0.0,0.0,1.0,1.0,0.0,0.0
82,1,0,0.35913546117114853,0.018542765081513996,1.0,0.0,0.0,0.0,0.0,0.0,1.0,1.0,0.0,0.0
83,1,1,0.34656948982156316,0.015200187691820024,0.0,1.0,0.0,0.0,0.0,0.0,1.0,0.0,0.0,1.0
84,0,0,0.34656948982156316,0.09193307740413781,1.0,0.0,0.0,0.0,1.0,0.0,0.0,1.0,0.0,0.0
85,1,1,0.20834380497612465,0.020494635090094415,0.0,1.0,0.0,0.0,0.0,1.0,0.0,1.0,0.0,0.0
86,1,1,0.4093993465694898,0.030937139635999665,1.0,0.0,1.0,0.0,0.0,0.0,1.0,1.0,0.0,0.0
87,0,0,0.19577783362653933,0.06709553154495196,1.0,0.0,0.0,0.0,0.0,0.0,1.0,1.0,0.0,0.0
88,0,0,0.34656948982156316,0.015712553569072387,1.0,0.0,0.0,0.0,0.0,0.0,1.0,1.0,0.0,0.0
89,1,1,0.2837396330736366,0.5133418122566507,0.0,1.0,0.0,0.0,1.0,0.0,0.0,1.0,0.0,0.0
90,0,0,0.2963056044232219,0.015712553569072387,1.0,0.0,0.0,0.0,0.0,0.0,1.0,1.0,0.0,0.0
91,0,0,0.35913546117114853,0.015712553569072387,1.0,0.0,0.0,0.0,0.0,0.0,1.0,1.0,0.0,0.0
92,0,0,0.24604171902488062,0.015330377421392339,1.0,0.0,0.0,0.0,0.0,0.0,1.0,1.0,0.0,0.0
93,0,0,0.5727569741140991,0.11940564777490723,1.0,0.0,0.0,0.0,1.0,0.0,0.0,1.0,0.0,0.0
94,0,0,0.32143754712239253,0.04015972542654215,1.0,0.0,0.0,0.0,0.0,0.0,1.0,1.0,0.0,0.0
95,0,0,0.7361146016587082,0.014151057562208049,1.0,0.0,0.0,0.0,0.0,0.0,1.0,1.0,0.0,0.0
96,0,0,0.34656948982156316,0.015712553569072387,1.0,0.0,0.0,0.0,0.0,0.0,1.0,1.0,0.0,0.0
97,0,0,0.8869062578537321,0.06764049365134761,1.0,0.0,0.0,0.0,1.0,0.0,0.0,0.0,1.0,0.0
98,1,0,0.2837396330736366,0.12366716556464086,1.0,0.0,0.0,0.0,1.0,0.0,0.0,0.0,1.0,0.0
99,1,1,0.4219653179190751,0.044893010197349675,1.0,0.0,1.0,0.0,0.0,1.0,0.0,1.0,0.0,0.0
100,0,0,0.4219653179190751,0.050748620223090936,1.0,0.0,0.0,0.0,0.0,1.0,0.0,1.0,0.0,0.0
101,0,1,0.34656948982156316,0.015411575213749286,0.0,1.0,0.0,0.0,0.0,0.0,1.0,1.0,0.0,0.0
102,0,0,0.34656948982156316,0.015411575213749286,1.0,0.0,0.0,0.0,0.0,0.0,1.0,1.0,0.0,0.0
103,0,0,0.2586076903744659,0.15085515328815924,1.0,0.0,0.0,0.0,1.0,0.0,0.0,1.0,0.0,0.0
104,0,0,0.4093993465694898,0.016891873428256675,1.0,0.0,0.0,0.0,0.0,0.0,1.0,1.0,0.0,0.0
105,0,0,0.4596632319678311,0.015468569817999833,1.0,0.0,0.0,0.0,0.0,0.0,1.0,1.0,0.0,0.0
106,0,0,0.34656948982156316,0.015411575213749286,1.0,0.0,0.0,0.0,0.0,0.0,1.0,1.0,0.0,0.0
107,1,1,0.2586076903744659,0.014931805565640218,0.0,1.0,0.0,0.0,0.0,0.0,1.0,1.0,0.0,0.0
108,1,0,0.34656948982156316,0.015175789316712771,1.0,0.0,0.0,0.0,0.0,0.0,1.0,1.0,0.0,0.0
109,0,0,0.4722292033174164,0.015411575213749286,1.0,0.0,0.0,0.0,0.0,0.0,1.0,1.0,0.0,0.0
110,1,1,0.34656948982156316,0.04713766070721715,0.0,1.0,0.0,0.0,0.0,0.0,1.0,0.0,0.0,1.0
111,0,0,0.5853229454636844,0.10149724044618187,1.0,0.0,0.0,0.0,1.0,0.0,0.0,1.0,0.0,0.0
112,0,1,0.17692887660216136,0.028212719478023115,0.0,1.0,0.0,0.0,0.0,0.0,1.0,0.0,1.0,0.0
113,0,0,0.2711736617240512,0.015712553569072387,1.0,0.0,0.0,0.0,0.0,0.0,1.0,1.0,0.0,0.0
114,0,1,0.24604171902488062,0.019177122834302632,0.0,1.0,0.0,0.0,0.0,0.0,1.0,1.0,0.0,0.0
115,0,1,0.20834380497612465,0.028220722145058292,0.0,1.0,0.0,0.0,0.0,0.0,1.0,0.0,1.0,0.0
116,0,0,0.2586076903744659,0.015468569817999833,1.0,0.0,0.0,0.0,0.0,0.0,1.0,1.0,0.0,0.0
117,0,0,0.8806232721789394,0.015126992566498259,1.0,0.0,0.0,0.0,0.0,0.0,1.0,0.0,0.0,1.0
118,0,0,0.35913546117114853,0.04098927018018883,1.0,0.0,0.0,0.0,0.0,1.0,0.0,1.0,0.0,0.0
119,0,0,0.2963056044232219,0.4831284260198326,1.0,0.0,0.0,0.0,1.0,0.0,0.0,0.0,1.0,0.0
120,0,1,0.01985423473234481,0.06104473451835265,0.0,1.0,0.0,0.0,0.0,0.0,1.0,1.0,0.0,0.0
121,0,0,0.2586076903744659,0.1434624456306609,1.0,0.0,0.0,0.0,0.0,1.0,0.0,1.0,0.0,0.0
122,0,0,0.34656948982156316,0.015712553569072387,1.0,0.0,0.0,0.0,0.0,0.0,1.0,1.0,0.0,0.0
123,0,0,0.40311636089469716,0.058694292654020104,1.0,0.0,0.0,0.0,0.0,1.0,0.0,0.0,1.0,0.0
124,1,1,0.40311636089469716,0.025374310111545468,0.0,1.0,0.0,0.0,0.0,1.0,0.0,1.0,0.0,0.0
125,0,0,0.6732847449107816,0.15085515328815924,1.0,0.0,0.0,0.0,1.0,0.0,0.0,1.0,0.0,0.0
126,1,0,0.14551394822819805,0.021942337075458514,0.0,0.0,0.0,1.0,0.0,0.0,1.0,0.0,1.0,0.0
127,0,0,0.34656948982156316,0.015126992566498259,1.0,0.0,0.0,0.0,0.0,0.0,1.0,0.0,0.0,1.0
128,1,0,0.2963056044232219,0.01393967004027879,1.0,0.0,0.0,0.0,0.0,0.0,1.0,1.0,0.0,0.0
129,1,1,0.34656948982156316,0.04364049521284362,0.0,1.0,0.0,0.0,0.0,0.0,1.0,0.0,1.0,0.0
130,0,0,0.5601910027645137,0.013614293309848433,1.0,0.0,0.0,0.0,0.0,0.0,1.0,1.0,0.0,0.0
131,0,0,0.4093993465694898,0.015411575213749286,1.0,0.0,0.0,0.0,0.0,0.0,1.0,0.0,1.0,0.0
132,0,0,0.24604171902488062,0.013760683560491965,1.0,0.0,0.0,0.0,0.0,0.0,1.0,1.0,0.0,0.0
133,0,1,0.5853229454636844,0.028302115124416098,1.0,0.0,1.0,0.0,0.0,0.0,1.0,1.0,0.0,0.0
134,1,1,0.35913546117114853,0.050748620223090936,1.0,0.0,1.0,0.0,0.0,1.0,0.0,1.0,0.0,0.0
135,0,0,0.3088715757728072,0.025374310111545468,1.0,0.0,0.0,0.0,0.0,1.0,0.0,1.0,0.0,0.0
136,0,0,0.2837396330736366,0.02936744577509929,1.0,0.0,0.0,0.0,0.0,1.0,0.0,0.0,1.0,0.0
137,1,1,0.2334757476752953,0.051301584996521765,0.0,1.0,0.0,0.0,1.0,0.0,0.0,1.0,0.0,0.0
138,0,0,0.4596632319678311,0.10364429745562033,1.0,0.0,0.0,0.0,1.0,0.0,0.0,1.0,0.0,0.0
139,0,0,0.19577783362653933,0.01798980030808316,1.0,0.0,0.0,0.0,0.0,0.0,1.0,1.0,0.0,0.0
140,0,0,0.2963056044232219,0.15458810467956932,1.0,0.0,0.0,0.0,1.0,0.0,0.0,0.0,1.0,0.0
141,0,1,0.34656948982156316,0.029757819776815374,1.0,0.0,1.0,0.0,0.0,0.0,1.0,0.0,1.0,0.0
142,1,1,0.2711736617240512,0.015126992566498259,0.0,1.0,0.0,0.0,0.0,0.0,1.0,1.0,0.0,0.0
143,1,1,0.2963056044232219,0.030937139635999665,1.0,0.0,1.0,0.0,0.0,0.0,1.0,1.0,0.0,0.0
144,0,0,0.2334757476752953,0.013175122557917838,1.0,0.0,0.0,0.0,0.0,0.0,1.0,0.0,0.0,1.0
145,0,0,0.22090977632571,0.022446505098674838,1.0,0.0,0.0,0.0,0.0,1.0,0.0,1.0,0.0,0.0
146,0,0,0.2334757476752953,0.07173122281533045,1.0,0.0,0.0,0.0,0.0,1.0,0.0,1.0,0.0,0.0
147,1,0,0.33400351847197784,0.015216388212891242,1.0,0.0,0.0,0.0,0.0,0.0,1.0,1.0,0.0,0.0
148,0,1,0.10781603417944208,0.06709553154495196,0.0,1.0,0.0,0.0,0.0,0.0,1.0,1.0,0.0,0.0
149,0,0,0.4533802462930384,0.050748620223090936,1.0,0.0,0.0,0.0,0.0,1.0,0.0,1.0,0.0,0.0
150,0,0,0.5224930887157577,0.025374310111545468,0.0,0.0,0.0,0.0,0.0,1.0,0.0,1.0,0.0,0.0
151,0,0,0.6355868308620256,0.02444717185746977,0.0,0.0,0.0,0.0,0.0,1.0,0.0,1.0,0.0,0.0
152,1,1,0.2711736617240512,0.12999454257145598,1.0,0.0,1.0,0.0,1.0,0.0,0.0,1.0,0.0,0.0
153,0,0,0.6921337019351597,0.015712553569072387,1.0,0.0,0.0,0.0,0.0,0.0,1.0,1.0,0.0,0.0
154,0,0,0.5036441316913798,0.028302115124416098,1.0,0.0,0.0,0.0,0.0,0.0,1.0,1.0,0.0,0.0
155,0,0,0.34656948982156316,0.014273049437744325,1.0,0.0,0.0,0.0,0.0,0.0,1.0,1.0,0.0,0.0
156,0,0,0.6355868308620256,0.11980421963065935,1.0,0.0,0.0,0.0,1.0,0.0,0.0,0.0,1.0,0.0
157,1,1,0.19577783362653933,0.015094396337354966,0.0,1.0,0.0,0.0,0.0,0.0,1.0,0.0,0.0,1.0
158,0,0,0.37170143252073384,0.015712553569072387,1.0,0.0,0.0,0.0,0.0,0.0,1.0,1.0,0.0,0.0
159,0,0,0.34656948982156316,0.016908073949327893,1.0,0.0,0.0,0.0,0.0,0.0,1.0,1.0,0.0,0.0
160,0,0,0.34656948982156316,0.13575255909676825,0.0,0.0,0.0,1.0,0.0,0.0,1.0,1.0,0.0,0.0
161,0,0,0.5476250314149284,0.031425107138144774,1.0,0.0,0.0,0.0,0.0,0.0,1.0,1.0,0.0,0.0
162,1,1,0.49736114601658704,0.030741952635141623,1.0,0.0,1.0,0.0,0.0,1.0,0.0,1.0,0.0,0.0
163,0,0,0.32143754712239253,0.015175789316712771,1.0,0.0,0.0,0.0,0.0,0.0,1.0,1.0,0.0,0.0
164,0,0,0.20834380497612465,0.016908073949327893,1.0,0.0,0.0,0.0,0.0,0.0,1.0,1.0,0.0,0.0
165,0,0,0.007288263382759488,0.07746484096553544,0.0,0.0,0.0,1.0,0.0,0.0,1.0,1.0,0.0,0.0
166,1,0,0.10781603417944208,0.04006213192611313,0.0,0.0,0.0,1.0,0.0,0.0,1.0,1.0,0.0,0.0
167,1,1,0.34656948982156316,0.10735285047192313,1.0,0.0,1.0,0.0,1.0,0.0,0.0,1.0,0.0,0.0
168,0,1,0.5601910027645137,0.05445717323939373,1.0,0.0,1.0,0.0,0.0,0.0,1.0,1.0,0.0,0.0
169,0,0,0.34656948982156316,0.050602229972447406,1.0,0.0,0.0,0.0,1.0,0.0,0.0,1.0,0.0,0.0
170,0,0,0.34656948982156316,0.11027245763075773,1.0,0.0,0.0,0.0,0.0,0.0,1.0,1.0,0.0,0.0
171,0,0,0.7612465443578789,0.06538764528744409,1.0,0.0,0.0,0.0,1.0,0.0,0.0,1.0,0.0,0.0
172,0,0,0.04498617743151546,0.05684821399990475,0.0,0.0,0.0,1.0,0.0,0.0,1.0,0.0,0.0,1.0
173,1,1,0.007288263382759488,0.021730754366528396,0.0,1.0,0.0,0.0,0.0,0.0,1.0,1.0,0.0,0.0
174,0,0,0.2586076903744659,0.015468569817999833,1.0,0.0,0.0,0.0,0.0,0.0,1.0,1.0,0.0,0.0
175,0,0,0.6984166876099522,0.05991421140938287,1.0,0.0,0.0,0.0,1.0,0.0,0.0,0.0,1.0,0.0
176,0,0,0.22090977632571,0.015330377421392339,1.0,0.0,0.0,0.0,0.0,0.0,1.0,1.0,0.0,0.0
177,0,0,0.34656948982156316,0.049707687947515,0.0,0.0,0.0,1.0,0.0,0.0,1.0,1.0,0.0,0.0
178,0,1,0.6230208595124404,0.05604306762136532,0.0,1.0,0.0,0.0,1.0,0.0,0.0,0.0,1.0,0.0
179,0,0,0.37170143252073384,0.025374310111545468,1.0,0.0,0.0,0.0,0.0,1.0,0.0,1.0,0.0,0.0
180,0,0,0.4470972606182458,0.0,1.0,0.0,0.0,0.0,0.0,0.0,1.0,1.0,0.0,0.0
181,0,1,0.34656948982156316,0.13575255909676825,0.0,1.0,0.0,0.0,0.0,0.0,1.0,1.0,0.0,0.0
182,0,0,0.34656948982156316,0.02937564362913533,1.0,0.0,0.0,0.0,0.0,1.0,0.0,0.0,1.0,0.0
183,0,0,0.10781603417944208,0.06126431989431795,0.0,0.0,0.0,1.0,0.0,0.0,1.0,1.0,0.0,0.0
184,1,0,0.007288263382759488,0.07612293033463641,0.0,0.0,0.0,1.0,0.0,1.0,0.0,1.0,0.0,0.0
185,1,1,0.04498617743151546,0.04298993693898376,0.0,1.0,0.0,0.0,0.0,0.0,1.0,1.0,0.0,0.0
186,0,0,0.34656948982156316,0.09759350042902103,1.0,0.0,0.0,0.0,1.0,0.0,0.0,1.0,0.0,0.0
187,1,1,0.34656948982156316,0.030253985132996517,1.0,0.0,1.0,0.0,0.0,0.0,1.0,0.0,0.0,1.0
188,1,0,0.5601910027645137,0.051822148727810165,1.0,0.0,0.0,0.0,1.0,0.0,0.0,1.0,0.0,0.0
189,0,0,0.49736114601658704,0.030253985132996517,1.0,0.0,0.0,0.0,0.0,0.0,1.0,0.0,0.0,1.0
190,0,0,0.4470972606182458,0.015411575213749286,1.0,0.0,0.0,0.0,0.0,0.0,1.0,1.0,0.0,0.0
191,1,1,0.39683337521990447,0.025374310111545468,1.0,0.0,1.0,0.0,0.0,1.0,0.0,1.0,0.0,0.0
192,0,0,0.2334757476752953,0.025374310111545468,1.0,0.0,0.0,0.0,0.0,1.0,0.0,1.0,0.0,0.0
193,1,1,0.2334757476752953,0.015330377421392339,0.0,1.0,0.0,0.0,0.0,0.0,1.0,1.0,0.0,0.0
194,1,0,0.032420206081930136,0.050748620223090936,0.0,0.0,0.0,1.0,0.0,1.0,0.0,1.0,0.0,0.0
195,1,1,0.5476250314149284,0.05410739813385612,1.0,0.0,1.0,0.0,1.0,0.0,0.0,0.0,1.0,0.0
196,1,1,0.723548630309123,0.2859895551532101,0.0,1.0,0.0,0.0,1.0,0.0,0.0,0.0,1.0,0.0
197,0,0,0.34656948982156316,0.015126992566498259,1.0,0.0,0.0,0.0,0.0,0.0,1.0,0.0,0.0,1.0
198,0,0,0.5224930887157577,0.01640390592611157,1.0,0.0,0.0,0.0,0.0,0.0,1.0,1.0,0.0,0.0
199,1,1,0.34656948982156316,0.015126992566498259,0.0,1.0,0.0,0.0,0.0,0.0,1.0,0.0,0.0,1.0
200,0,1,0.2963056044232219,0.025374310111545468,1.0,1.0,1.0,0.0,0.0,1.0,0.0,1.0,0.0,0.0
201,0,0,0.34656948982156316,0.018542765081513996,1.0,0.0,0.0,0.0,0.0,0.0,1.0,1.0,0.0,0.0
202,0,0,0.34656948982156316,0.13575255909676825,1.0,0.0,0.0,0.0,0.0,0.0,1.0,1.0,0.0,0.0
203,0,0,0.4219653179190751,0.012678957201736696,1.0,0.0,0.0,0.0,0.0,0.0,1.0,1.0,0.0,0.0
204,0,0,0.5664739884393064,0.014102260811993537,1.0,0.0,0.0,0.0,0.0,0.0,1.0,0.0,1.0,0.0
205,1,0,0.22090977632571,0.015712553569072387,1.0,0.0,0.0,0.0,0.0,0.0,1.0,1.0,0.0,0.0
206,0,1,0.01985423473234481,0.02042143996477265,0.0,1.0,0.0,0.0,0.0,0.0,1.0,1.0,0.0,0.0
207,0,0,0.39683337521990447,0.030937139635999665,1.0,0.0,0.0,0.0,0.0,0.0,1.0,1.0,0.0,0.0
208,1,0,0.32143754712239253,0.036670757786204655,1.0,0.0,0.0,0.0,0.0,0.0,1.0,0.0,1.0,0.0
209,1,1,0.19577783362653933,0.015126992566498259,0.0,1.0,0.0,0.0,0.0,0.0,1.0,0.0,0.0,1.0
210,1,0,0.49736114601658704,0.060507970265993034,1.0,0.0,0.0,0.0,1.0,0.0,0.0,0.0,1.0,0.0
211,0,0,0.2963056044232219,0.013760683560491965,1.0,0.0,0.0,0.0,0.0,0.0,1.0,1.0,0.0,0.0
212,1,1,0.4345312892686604,0.04098927018018883,0.0,1.0,0.0,0.0,0.0,1.0,0.0,1.0,0.0,0.0
213,0,0,0.2711736617240512,0.014151057562208049,1.0,0.0,0.0,0.0,0.0,0.0,1.0,1.0,0.0,0.0
214,0,0,0.37170143252073384,0.025374310111545468,1.0,0.0,0.0,0.0,0.0,1.0,0.0,1.0,0.0,0.0
215,0,0,0.34656948982156316,0.015126992566498259,1.0,0.0,0.0,0.0,0.0,0.0,1.0,0.0,0.0,1.0
216,1,1,0.38426740387031916,0.22109807522194713,0.0,1.0,0.0,0.0,1.0,0.0,0.0,0.0,1.0,0.0
217,1,1,0.33400351847197784,0.015468569817999833,0.0,1.0,0.0,0.0,0.0,0.0,1.0,1.0,0.0,0.0
218,0,0,0.5224930887157577,0.05270049023167135,1.0,0.0,0.0,0.0,0.0,1.0,0.0,1.0,0.0,0.0
219,1,1,0.39683337521990447,0.14891148113361488,0.0,1.0,0.0,0.0,1.0,0.0,0.0,0.0,1.0,0.0
220,0,0,0.37170143252073384,0.020494635090094415,1.0,0.0,0.0,0.0,0.0,1.0,0.0,1.0,0.0,0.0
221,1,0,0.19577783362653933,0.015712553569072387,1.0,0.0,0.0,0.0,0.0,0.0,1.0,1.0,0.0,0.0
222,0,0,0.33400351847197784,0.025374310111545468,1.0,0.0,0.0,0.0,0.0,1.0,0.0,1.0,0.0,0.0
223,0,0,0.6355868308620256,0.015712553569072387,1.0,0.0,0.0,0.0,0.0,0.0,1.0,1.0,0.0,0.0
224,0,0,0.34656948982156316,0.015411575213749286,1.0,0.0,0.0,0.0,0.0,0.0,1.0,1.0,0.0,0.0
225,1,0,0.4722292033174164,0.17566830077223786,1.0,0.0,0.0,0.0,1.0,0.0,0.0,1.0,0.0,0.0
226,0,0,0.2711736617240512,0.018249984580226933,1.0,0.0,0.0,0.0,0.0,0.0,1.0,1.0,0.0,0.0
227,1,0,0.2334757476752953,0.020494635090094415,1.0,0.0,0.0,0.0,0.0,1.0,0.0,1.0,0.0,0.0
228,0,0,0.2523247046996733,0.014151057562208049,1.0,0.0,0.0,0.0,0.0,0.0,1.0,1.0,0.0,0.0
229,0,0,0.22090977632571,0.025374310111545468,1.0,0.0,0.0,0.0,0.0,1.0,0.0,1.0,0.0,0.0
230,0,1,0.34656948982156316,0.049707687947515,0.0,1.0,0.0,0.0,0.0,0.0,1.0,1.0,0.0,0.0
231,1,1,0.4345312892686604,0.16293234896625058,1.0,0.0,1.0,0.0,1.0,0.0,0.0,1.0,0.0,0.0
232,0,0,0.35913546117114853,0.015175789316712771,1.0,0.0,0.0,0.0,0.0,0.0,1.0,1.0,0.0,0.0
233,0,0,0.7361146016587082,0.026350245115835676,1.0,0.0,0.0,0.0,0.0,1.0,0.0,1.0,0.0,0.0
234,1,1,0.05755214878110078,0.06126431989431795,0.0,1.0,0.0,0.0,0.0,0.0,1.0,1.0,0.0,0.0
235,0,0,0.2963056044232219,0.020494635090094415,1.0,0.0,0.0,0.0,0.0,1.0,0.0,1.0,0.0,0.0
236,0,1,0.34656948982156316,0.014736618564782174,0.0,1.0,0.0,0.0,0.0,0.0,1.0,1.0,0.0,0.0
237,0,0,0.5476250314149284,0.050748620223090936,1.0,0.0,0.0,0.0,0.0,1.0,0.0,1.0,0.0,0.0
238,1,1,0.09525006282985675,0.05123658772523604,0.0,1.0,0.0,0.0,0.0,1.0,0.0,1.0,0.0,0.0
239,0,0,0.2334757476752953,0.020494635090094415,1.0,0.0,0.0,0.0,0.0,1.0,0.0,1.0,0.0,0.0
240,0,0,0.4093993465694898,0.023959204355324663,1.0,0.0,0.0,0.0,0.0,1.0,0.0,1.0,0.0,0.0
241,0,1,0.34656948982156316,0.028212719478023115,0.0,1.0,0.0,0.0,0.0,0.0,1.0,0.0,1.0,0.0
242,1,1,0.34656948982156316,0.030253985132996517,0.0,1.0,0.0,0.0,0.0,0.0,1.0,0.0,0.0,1.0
243,0,0,0.35913546117114853,0.020494635090094415,1.0,0.0,0.0,0.0,0.0,1.0,0.0,1.0,0.0,0.0
244,0,0,0.2711736617240512,0.013907073811135496,1.0,0.0,0.0,0.0,0.0,0.0,1.0,1.0,0.0,0.0
245,0,0,0.37170143252073384,0.014102260811993537,1.0,0.0,0.0,0.0,0.0,0.0,1.0,0.0,1.0,0.0
246,0,0,0.5476250314149284,0.17566830077223786,0.0,0.0,0.0,0.0,1.0,0.0,0.0,0.0,0.0,1.0
247,0,1,0.3088715757728072,0.015175789316712771,0.0,1.0,0.0,0.0,0.0,0.0,1.0,1.0,0.0,0.0
248,1,1,0.2963056044232219,0.028302115124416098,1.0,0.0,1.0,0.0,0.0,1.0,0.0,1.0,0.0,0.0
249,1,0,0.4596632319678311,0.10257896680493714,1.0,0.0,0.0,0.0,1.0,0.0,0.0,1.0,0.0,0.0
250,0,0,0.6732847449107816,0.050748620223090936,0.0,0.0,0.0,0.0,0.0,1.0,0.0,1.0,0.0,0.0
251,0,0,0.34656948982156316,0.014151057562208049,1.0,0.0,0.0,0.0,0.0,0.0,1.0,1.0,0.0,0.0
252,0,1,0.35913546117114853,0.02042143996477265,1.0,0.0,1.0,0.0,0.0,0.0,1.0,1.0,0.0,0.0
253,0,0,0.7738125157074642,0.051822148727810165,1.0,0.0,0.0,0.0,1.0,0.0,0.0,1.0,0.0,0.0
254,0,0,0.37170143252073384,0.031425107138144774,1.0,0.0,0.0,0.0,0.0,0.0,1.0,1.0,0.0,0.0
255,0,1,0.5099271173661725,0.039452172548431745,1.0,0.0,1.0,0.0,0.0,0.0,1.0,1.0,0.0,0.0
256,1,1,0.35913546117114853,0.029757819776815374,1.0,0.0,1.0,0.0,0.0,0.0,1.0,0.0,1.0,0.0
257,1,1,0.34656948982156316,0.15458810467956932,1.0,0.0,1.0,0.0,1.0,0.0,0.0,0.0,1.0,0.0
258,1,1,0.37170143252073384,0.16883675574220638,0.0,1.0,0.0,0.0,1.0,0.0,0.0,1.0,0.0,0.0
259,1,1,0.4345312892686604,1.0,0.0,1.0,0.0,0.0,1.0,0.0,0.0,0.0,1.0,0.0
260,1,1,0.6230208595124404,0.050748620223090936,1.0,0.0,1.0,0.0,0.0,1.0,0.0,1.0,0.0,0.0
261,0,0,0.34656948982156316,0.015126992566498259,1.0,0.0,0.0,0.0,0.0,0.0,1.0,0.0,0.0,1.0
262,1,0,0.032420206081930136,0.06126431989431795,0.0,0.0,0.0,1.0,0.0,0.0,1.0,1.0,0.0,0.0
263,0,0,0.648152802211611,0.1554664461834305,1.0,0.0,0.0,0.0,1.0,0.0,0.0,1.0,0.0,0.0
264,0,0,0.49736114601658704,0.0,1.0,0.0,0.0,0.0,1.0,0.0,0.0,1.0,0.0,0.0
265,0,1,0.34656948982156316,0.015126992566498259,0.0,1.0,0.0,0.0,0.0,0.0,1.0,0.0,0.0,1.0
266,0,0,0.4470972606182458,0.020494635090094415,1.0,0.0,0.0,0.0,0.0,1.0,0.0,1.0,0.0,0.0
267,0,0,0.19577783362653933,0.07746484096553544,1.0,0.0,0.0,0.0,0.0,0.0,1.0,1.0,0.0,0.0
268,1,0,0.3088715757728072,0.015175789316712771,1.0,0.0,0.0,0.0,0.0,0.0,1.0,1.0,0.0,0.0
269,1,1,0.723548630309123,0.2995388511917728,1.0,0.0,1.0,0.0,1.0,0.0,0.0,1.0,0.0,0.0
270,1,1,0.4345312892686604,0.2647385704347907,0.0,1.0,0.0,0.0,1.0,0.0,0.0,1.0,0.0,0.0
271,0,0,0.34656948982156316,0.060507970265993034,1.0,0.0,0.0,0.0,1.0,0.0,0.0,1.0,0.0,0.0
272,1,0,0.3088715757728072,0.0,1.0,0.0,0.0,0.0,0.0,0.0,1.0,1.0,0.0,0.0
273,1,1,0.5099271173661725,0.038061465167318204,1.0,0.0,1.0,0.0,0.0,1.0,0.0,1.0,0.0,0.0
274,0,0,0.4596632319678311,0.057970539254838485,1.0,0.0,0.0,0.0,1.0,0.0,0.0,0.0,1.0,0.0
275,1,1,0.34656948982156316,0.015126992566498259,0.0,1.0,0.0,0.0,0.0,0.0,1.0,0.0,0.0,1.0
276,1,1,0.7863784870570495,0.15216446768991498,0.0,1.0,0.0,0.0,1.0,0.0,0.0,1.0,0.0,0.0
277,0,1,0.5601910027645137,0.015126992566498259,0.0,1.0,0.0,0.0,0.0,0.0,1.0,1.0,0.0,0.0
278,0,0,0.34656948982156316,0.0,1.0,0.0,0.0,0.0,0.0,1.0,0.0,1.0,0.0,0.0
279,0,0,0.08268409148027142,0.05684821399990475,0.0,0.0,0.0,1.0,0.0,0.0,1.0,0.0,0.0,1.0
280,1,1,0.4345312892686604,0.03952536767375352,1.0,0.0,1.0,0.0,0.0,0.0,1.0,1.0,0.0,0.0
281,0,0,0.8115104297562202,0.015126992566498259,1.0,0.0,0.0,0.0,0.0,0.0,1.0,0.0,0.0,1.0
282,0,0,0.34656948982156316,0.015330377421392339,1.0,0.0,0.0,0.0,0.0,0.0,1.0,1.0,0.0,0.0
283,0,0,0.19577783362653933,0.018542765081513996,1.0,0.0,0.0,0.0,0.0,0.0,1.0,1.0,0.0,0.0
284,1,0,0.2334757476752953,0.015712553569072387,1.0,0.0,0.0,0.0,0.0,0.0,1.0,1.0,0.0,0.0
285,0,0,0.34656948982156316,0.050748620223090936,1.0,0.0,0.0,0.0,1.0,0.0,0.0,1.0,0.0,0.0
286,0,0,0.4093993465694898,0.016908073949327893,1.0,0.0,0.0,0.0,0.0,0.0,1.0,0.0,1.0,0.0
287,1,0,0.37170143252073384,0.018542765081513996,1.0,0.0,0.0,0.0,0.0,0.0,1.0,1.0,0.0,0.0
288,0,0,0.2711736617240512,0.015411575213749286,1.0,0.0,0.0,0.0,0.0,0.0,1.0,1.0,0.0,0.0
289,1,0,0.5224930887157577,0.025374310111545468,1.0,0.0,0.0,0.0,0.0,1.0,0.0,1.0,0.0,0.0
290,1,1,0.2711736617240512,0.015126992566498259,0.0,1.0,0.0,0.0,0.0,0.0,1.0,0.0,0.0,1.0
291,1,1,0.32143754712239253,0.15390495017656614,0.0,1.0,0.0,0.0,1.0,0.0,0.0,1.0,0.0,0.0
292,1,1,0.2334757476752953,0.17777475888549785,1.0,0.0,1.0,0.0,1.0,0.0,0.0,0.0,1.0,0.0
293,0,0,0.4470972606182458,0.025130326360472913,1.0,0.0,0.0,0.0,0.0,1.0,0.0,0.0,1.0,0.0
294,0,1,0.2963056044232219,0.01727404957593672,0.0,1.0,0.0,0.0,0.0,0.0,1.0,1.0,0.0,0.0
295,0,0,0.2963056044232219,0.015411575213749286,1.0,0.0,0.0,0.0,0.0,0.0,1.0,1.0,0.0,0.0
296,0,0,0.34656948982156316,0.05410739813385612,1.0,0.0,0.0,0.0,1.0,0.0,0.0,0.0,1.0,0.0
297,0,0,0.2900226187484292,0.014110458666029575,1.0,0.0,0.0,0.0,0.0,0.0,1.0,0.0,1.0,0.0
298,0,1,0.01985423473234481,0.29580589980036276,0.0,1.0,0.0,0.0,1.0,0.0,0.0,1.0,0.0,0.0
299,1,0,0.34656948982156316,0.05953203526170282,1.0,0.0,0.0,0.0,1.0,0.0,0.0,1.0,0.0,0.0
300,1,1,0.6230208595124404,0.4831284260198326,1.0,0.0,1.0,0.0,1.0,0.0,0.0,0.0,1.0,0.0
301,1,1,0.34656948982156316,0.015126992566498259,0.0,1.0,0.0,0.0,0.0,0.0,1.0,0.0,0.0,1.0
302,1,0,0.34656948982156316,0.04538097769949478,1.0,0.0,0.0,0.0,0.0,0.0,1.0,0.0,0.0,1.0
303,0,0,0.2334757476752953,0.0,1.0,0.0,0.0,0.0,0.0,0.0,1.0,1.0,0.0,0.0
304,1,1,0.34656948982156316,0.024105594605968193,0.0,1.0,0.0,0.0,0.0,1.0,0.0,0.0,0.0,1.0
305,0,0,0.34656948982156316,0.015712553569072387,1.0,0.0,0.0,0.0,0.0,0.0,1.0,1.0,0.0,0.0
306,1,0,0.006282985674792663,0.29580589980036276,0.0,0.0,0.0,1.0,1.0,0.0,0.0,1.0,0.0,0.0
307,1,1,0.34656948982156316,0.21642978772242535,0.0,1.0,0.0,0.0,1.0,0.0,0.0,0.0,1.0,0.0
308,1,1,0.20834380497612465,0.2125586439344078,1.0,0.0,1.0,0.0,1.0,0.0,0.0,0.0,1.0,0.0
309,0,0,0.37170143252073384,0.04684488020593009,1.0,0.0,0.0,0.0,0.0,1.0,0.0,0.0,1.0,0.0
310,1,1,0.37170143252073384,0.11111839809247648,0.0,1.0,0.0,0.0,1.0,0.0,0.0,0.0,1.0,0.0
311,1,1,0.2963056044232219,0.16231419173453318,0.0,1.0,0.0,0.0,1.0,0.0,0.0,0.0,1.0,0.0
312,1,1,0.22090977632571,0.5121218935012878,0.0,1.0,0.0,0.0,1.0,0.0,0.0,0.0,1.0,0.0
313,0,1,0.32143754712239253,0.050748620223090936,1.0,0.0,1.0,0.0,0.0,1.0,0.0,1.0,0.0,0.0
314,0,0,0.34656948982156316,0.015411575213749286,1.0,0.0,0.0,0.0,0.0,0.0,1.0,1.0,0.0,0.0
315,0,0,0.5350590600653431,0.05123658772523604,1.0,0.0,0.0,0.0,0.0,1.0,0.0,1.0,0.0,0.0
316,1,1,0.32143754712239253,0.015330377421392339,0.0,1.0,0.0,0.0,0.0,0.0,1.0,1.0,0.0,0.0
317,1,1,0.2963056044232219,0.050748620223090936,1.0,0.0,1.0,0.0,0.0,1.0,0.0,1.0,0.0,0.0
318,0,0,0.6732847449107816,0.027326180120125887,0.0,0.0,0.0,0.0,0.0,1.0,0.0,1.0,0.0,0.0
319,1,1,0.38426740387031916,0.32179836714362564,0.0,1.0,0.0,0.0,1.0,0.0,0.0,1.0,0.0,0.0
320,1,1,0.49736114601658704,0.2625265161540666,1.0,0.0,1.0,0.0,1.0,0.0,0.0,0.0,1.0,0.0
321,0,0,0.2711736617240512,0.014151057562208049,1.0,0.0,0.0,0.0,0.0,0.0,1.0,1.0,0.0,0.0
322,0,0,0.33400351847197784,0.015411575213749286,1.0,0.0,0.0,0.0,0.0,0.0,1.0,1.0,0.0,0.0
323,1,1,0.37170143252073384,0.024105594605968193,0.0,1.0,0.0,0.0,0.0,1.0,0.0,0.0,0.0,1.0
324,1,1,0.2711736617240512,0.056604230248832196,1.0,0.0,1.0,0.0,0.0,1.0,0.0,1.0,0.0,0.0
325,0,0,0.34656948982156316,0.13575255909676825,1.0,0.0,0.0,0.0,0.0,0.0,1.0,1.0,0.0,0.0
326,1,1,0.4470972606182458,0.2647385704347907,0.0,1.0,0.0,0.0,1.0,0.0,0.0,0.0,1.0,0.0
327,0,0,0.7612465443578789,0.012174789178520372,1.0,0.0,0.0,0.0,0.0,0.0,1.0,1.0,0.0,0.0
328,1,1,0.4470972606182458,0.025374310111545468,1.0,0.0,1.0,0.0,0.0,1.0,0.0,1.0,0.0,0.0
329,1,1,0.38426740387031916,0.04006213192611313,1.0,0.0,1.0,0.0,0.0,0.0,1.0,1.0,0.0,0.0
330,1,1,0.19577783362653933,0.11316786160148591,0.0,1.0,0.0,0.0,1.0,0.0,0.0,0.0,1.0,0.0
331,1,1,0.34656948982156316,0.04538097769949478,0.0,1.0,0.0,0.0,0.0,0.0,1.0,0.0,0.0,1.0
332,0,0,0.5664739884393064,0.055628295244541985,1.0,0.0,0.0,0.0,1.0,0.0,0.0,1.0,0.0,0.0
333,0,0,0.4722292033174164,0.2995388511917728,1.0,0.0,0.0,0.0,1.0,0.0,0.0,1.0,0.0,0.0
334,0,0,0.19577783362653933,0.03513366015444757,1.0,0.0,0.0,0.0,0.0,0.0,1.0,1.0,0.0,0.0
335,1,1,0.34656948982156316,0.2608674266467732,1.0,0.0,1.0,0.0,1.0,0.0,0.0,1.0,0.0,0.0
336,0,0,0.34656948982156316,0.015411575213749286,1.0,0.0,0.0,0.0,0.0,0.0,1.0,1.0,0.0,0.0
337,0,0,0.35913546117114853,0.12999454257145598,1.0,0.0,0.0,0.0,1.0,0.0,0.0,1.0,0.0,0.0
338,1,1,0.5099271173661725,0.2625265161540666,0.0,1.0,0.0,0.0,1.0,0.0,0.0,0.0,1.0,0.0
339,1,0,0.5601910027645137,0.015712553569072387,1.0,0.0,0.0,0.0,0.0,0.0,1.0,1.0,0.0,0.0
340,0,0,0.5601910027645137,0.06929138530460494,1.0,0.0,0.0,0.0,1.0,0.0,0.0,1.0,0.0,0.0
341,1,0,0.01985423473234481,0.050748620223090936,0.0,0.0,0.0,1.0,0.0,1.0,0.0,1.0,0.0,0.0
342,1,1,0.2963056044232219,0.5133418122566507,0.0,1.0,0.0,0.0,1.0,0.0,0.0,1.0,0.0,0.0
343,0,0,0.34656948982156316,0.025374310111545468,1.0,0.0,0.0,0.0,0.0,1.0,0.0,1.0,0.0,0.0
344,0,0,0.3088715757728072,0.025374310111545468,1.0,0.0,0.0,0.0,0.0,1.0,0.0,1.0,0.0,0.0
345,0,0,0.4470972606182458,0.025374310111545468,1.0,0.0,0.0,0.0,0.0,1.0,0.0,1.0,0.0,0.0
346,1,1,0.2963056044232219,0.025374310111545468,0.0,1.0,0.0,0.0,0.0,1.0,0.0,1.0,0.0,0.0
347,1,1,0.49736114601658704,0.025374310111545468,0.0,1.0,0.0,0.0,0.0,1.0,0.0,1.0,0.0,0.0
348,1,1,0.34656948982156316,0.031425107138144774,1.0,0.0,1.0,0.0,0.0,0.0,1.0,1.0,0.0,0.0
349,1,0,0.032420206081930136,0.031034733136428686,0.0,0.0,0.0,1.0,0.0,0.0,1.0,1.0,0.0,0.0
350,0,0,0.5224930887157577,0.016908073949327893,1.0,0.0,0.0,0.0,0.0,0.0,1.0,1.0,0.0,0.0
351,0,0,0.2837396330736366,0.01800600082915438,1.0,0.0,0.0,0.0,0.0,0.0,1.0,1.0,0.0,0.0
352,0,0,0.34656948982156316,0.06831545030031472,1.0,0.0,0.0,0.0,1.0,0.0,0.0,1.0,0.0,0.0
353,0,0,0.18321186227695402,0.014110458666029575,1.0,0.0,0.0,0.0,0.0,0.0,1.0,0.0,1.0,0.0
354,0,0,0.3088715757728072,0.034743286152731485,1.0,0.0,0.0,0.0,0.0,0.0,1.0,1.0,0.0,0.0
355,0,0,0.34656948982156316,0.014102260811993537,1.0,0.0,0.0,0.0,0.0,0.0,1.0,0.0,1.0,0.0
356,0,0,0.34656948982156316,0.018542765081513996,1.0,0.0,0.0,0.0,0.0,0.0,1.0,1.0,0.0,0.0
357,1,1,0.2711736617240512,0.10735285047192313,0.0,1.0,0.0,0.0,1.0,0.0,0.0,1.0,0.0,0.0
358,0,1,0.4722292033174164,0.025374310111545468,0.0,1.0,0.0,0.0,0.0,1.0,0.0,1.0,0.0,0.0
359,1,1,0.34656948982156316,0.01537917417160685,0.0,1.0,0.0,0.0,0.0,0.0,1.0,0.0,0.0,1.0
360,1,1,0.34656948982156316,0.01537917417160685,0.0,1.0,0.0,0.0,0.0,0.0,1.0,0.0,0.0,1.0
361,0,0,0.49736114601658704,0.05445717323939373,1.0,0.0,0.0,0.0,0.0,0.0,1.0,1.0,0.0,0.0
362,0,0,0.35913546117114853,0.05410739813385612,1.0,0.0,0.0,0.0,0.0,1.0,0.0,0.0,1.0,0.0
363,0,1,0.5601910027645137,0.028212719478023115,1.0,0.0,1.0,0.0,0.0,0.0,1.0,0.0,1.0,0.0
364,0,0,0.4345312892686604,0.013760683560491965,1.0,0.0,0.0,0.0,0.0,0.0,1.0,1.0,0.0,0.0
365,0,0,0.34656948982156316,0.030253985132996517,1.0,0.0,0.0,0.0,0.0,0.0,1.0,0.0,0.0,1.0
366,0,0,0.37170143252073384,0.014151057562208049,1.0,0.0,0.0,0.0,0.0,0.0,1.0,1.0,0.0,0.0
367,1,1,0.7486805730082936,0.14687821814567664,1.0,0.0,1.0,0.0,1.0,0.0,0.0,0.0,1.0,0.0
368,1,1,0.34656948982156316,0.014110458666029575,1.0,0.0,1.0,0.0,0.0,0.0,1.0,0.0,1.0,0.0
369,1,1,0.34656948982156316,0.015126992566498259,0.0,1.0,0.0,0.0,0.0,0.0,1.0,0.0,0.0,1.0
370,1,1,0.2963056044232219,0.13526459159462315,0.0,0.0,0.0,0.0,1.0,0.0,0.0,0.0,1.0,0.0
371,1,0,0.3088715757728072,0.1082149914547131,1.0,0.0,0.0,0.0,1.0,0.0,0.0,0.0,1.0,0.0
372,0,0,0.22090977632571,0.012678957201736696,1.0,0.0,0.0,0.0,0.0,0.0,1.0,1.0,0.0,0.0
373,0,0,0.2334757476752953,0.015712553569072387,1.0,0.0,0.0,0.0,0.0,0.0,1.0,1.0,0.0,0.0
374,0,0,0.2711736617240512,0.2647385704347907,1.0,0.0,0.0,0.0,1.0,0.0,0.0,0.0,1.0,0.0
375,0,1,0.032420206081930136,0.04113566043083236,0.0,1.0,0.0,0.0,0.0,0.0,1.0,1.0,0.0,0.0
376,1,1,0.34656948982156316,0.16038672010106003,1.0,0.0,1.0,0.0,1.0,0.0,0.0,0.0,1.0,0.0
377,1,1,0.2711736617240512,0.014151057562208049,0.0,1.0,0.0,0.0,0.0,0.0,1.0,1.0,0.0,0.0
378,0,0,0.33400351847197784,0.41282050681475896,1.0,0.0,0.0,0.0,1.0,0.0,0.0,0.0,1.0,0.0
379,0,0,0.24604171902488062,0.007831878409428937,1.0,0.0,0.0,0.0,0.0,0.0,1.0,0.0,1.0,0.0
380,0,0,0.2334757476752953,0.015175789316712771,1.0,0.0,0.0,0.0,0.0,0.0,1.0,1.0,0.0,0.0
381,1,1,0.5224930887157577,0.4440992237022602,0.0,1.0,0.0,0.0,1.0,0.0,0.0,0.0,1.0,0.0
382,1,1,0.007288263382759488,0.030725752114070404,0.0,1.0,0.0,0.0,0.0,0.0,1.0,0.0,1.0,0.0
383,0,0,0.39683337521990447,0.015468569817999833,1.0,0.0,0.0,0.0,0.0,0.0,1.0,1.0,0.0,0.0
384,1,1,0.4345312892686604,0.10149724044618187,1.0,0.0,1.0,0.0,1.0,0.0,0.0,1.0,0.0,0.0
385,0,0,0.34656948982156316,0.015411575213749286,1.0,0.0,0.0,0.0,0.0,0.0,1.0,1.0,0.0,0.0
386,0,0,0.22090977632571,0.1434624456306609,1.0,0.0,0.0,0.0,0.0,1.0,0.0,1.0,0.0,0.0
387,0,0,0.007288263382759488,0.09154270340242172,0.0,0.0,0.0,1.0,0.0,0.0,1.0,1.0,0.0,0.0
388,1,1,0.4470972606182458,0.025374310111545468,0.0,1.0,0.0,0.0,0.0,1.0,0.0,1.0,0.0,0.0
389,0,0,0.34656948982156316,0.015086393670319786,1.0,0.0,0.0,0.0,0.0,0.0,1.0,0.0,0.0,1.0
390,1,1,0.20834380497612465,0.023422440102965045,0.0,1.0,0.0,0.0,0.0,1.0,0.0,0.0,1.0,0.0
391,1,0,0.4470972606182458,0.23422440102965048,1.0,0.0,0.0,0.0,1.0,0.0,0.0,1.0,0.0,0.0
392,1,0,0.2586076903744659,0.015216388212891242,1.0,0.0,0.0,0.0,0.0,0.0,1.0,1.0,0.0,0.0
393,0,0,0.34656948982156316,0.015468569817999833,1.0,0.0,0.0,0.0,0.0,0.0,1.0,1.0,0.0,0.0
394,1,1,0.2837396330736366,0.22109807522194713,0.0,1.0,0.0,0.0,1.0,0.0,0.0,0.0,1.0,0.0
395,1,1,0.2963056044232219,0.03259622914329302,1.0,0.0,1.0,0.0,0.0,0.0,1.0,1.0,0.0,0.0
396,0,0,0.2711736617240512,0.015216388212891242,1.0,0.0,0.0,0.0,0.0,0.0,1.0,1.0,0.0,0.0
397,0,1,0.38426740387031916,0.015330377421392339,0.0,1.0,0.0,0.0,0.0,0.0,1.0,1.0,0.0,0.0
398,0,0,0.5727569741140991,0.050748620223090936,1.0,0.0,0.0,0.0,0.0,1.0,0.0,1.0,0.0,0.0
399,0,0,0.2837396330736366,0.020494635090094415,0.0,0.0,0.0,0.0,0.0,1.0,0.0,1.0,0.0,0.0
400,1,1,0.34656948982156316,0.02469115560854232,1.0,0.0,1.0,0.0,0.0,1.0,0.0,1.0,0.0,0.0
401,1,0,0.4847951746670017,0.015468569817999833,1.0,0.0,0.0,0.0,0.0,0.0,1.0,1.0,0.0,0.0
402,0,0,0.32143754712239253,0.015712553569072387,1.0,0.0,0.0,0.0,0.0,0.0,1.0,1.0,0.0,0.0
403,0,1,0.2586076903744659,0.019177122834302632,0.0,1.0,0.0,0.0,0.0,0.0,1.0,1.0,0.0,0.0
404,0,0,0.34656948982156316,0.030937139635999665,1.0,0.0,0.0,0.0,0.0,0.0,1.0,1.0,0.0,0.0
405,0,1,0.24604171902488062,0.016908073949327893,0.0,1.0,0.0,0.0,0.0,0.0,1.0,1.0,0.0,0.0
406,0,0,0.4219653179190751,0.04098927018018883,1.0,0.0,0.0,0.0,0.0,1.0,0.0,1.0,0.0,0.0
407,0,0,0.6355868308620256,0.015126992566498259,1.0,0.0,0.0,0.0,0.0,0.0,1.0,1.0,0.0,0.0
408,1,0,0.032420206081930136,0.03659756266088288,0.0,0.0,0.0,1.0,0.0,1.0,0.0,1.0,0.0,0.0
409,0,0,0.2586076903744659,0.015175789316712771,1.0,0.0,0.0,0.0,0.0,0.0,1.0,1.0,0.0,0.0
410,0,1,0.34656948982156316,0.049707687947515,0.0,1.0,0.0,0.0,0.0,0.0,1.0,1.0,0.0,0.0
411,0,0,0.34656948982156316,0.015411575213749286,1.0,0.0,0.0,0.0,0.0,0.0,1.0,1.0,0.0,0.0
412,0,0,0.34656948982156316,0.013386510079847098,1.0,0.0,0.0,0.0,0.0,0.0,1.0,0.0,0.0,1.0
413,1,1,0.4093993465694898,0.17566830077223786,0.0,1.0,0.0,0.0,1.0,0.0,0.0,0.0,0.0,1.0
414,0,0,0.34656948982156316,0.0,1.0,0.0,0.0,0.0,0.0,1.0,0.0,1.0,0.0,0.0
415,1,0,0.5476250314149284,0.015468569817999833,1.0,0.0,0.0,0.0,0.0,0.0,1.0,1.0,0.0,0.0
416,0,1,0.34656948982156316,0.015712553569072387,1.0,0.0,1.0,0.0,0.0,0.0,1.0,1.0,0.0,0.0
417,1,1,0.4219653179190751,0.06343577527886367,1.0,0.0,1.0,0.0,0.0,1.0,0.0,1.0,0.0,0.0
418,1,1,0.22090977632571,0.025374310111545468,0.0,1.0,0.0,0.0,0.0,1.0,0.0,1.0,0.0,0.0
419,0,0,0.37170143252073384,0.025374310111545468,1.0,0.0,0.0,0.0,0.0,1.0,0.0,1.0,0.0,0.0
420,0,1,0.12038200552902739,0.04713766070721715,0.0,1.0,0.0,0.0,0.0,0.0,1.0,1.0,0.0,0.0
421,0,0,0.34656948982156316,0.015411575213749286,1.0,0.0,0.0,0.0,0.0,0.0,1.0,0.0,1.0,0.0
422,0,0,0.2586076903744659,0.015094396337354966,1.0,0.0,0.0,0.0,0.0,0.0,1.0,0.0,0.0,1.0
423,0,0,0.35913546117114853,0.015370976317570811,1.0,0.0,0.0,0.0,0.0,0.0,1.0,1.0,0.0,0.0
424,0,1,0.34656948982156316,0.028106928123558056,1.0,0.0,1.0,0.0,0.0,0.0,1.0,1.0,0.0,0.0
425,0,0,0.22090977632571,0.039452172548431745,1.0,0.0,0.0,0.0,0.0,0.0,1.0,1.0,0.0,0.0
426,0,0,0.34656948982156316,0.014151057562208049,1.0,0.0,0.0,0.0,0.0,0.0,1.0,1.0,0.0,0.0
427,1,1,0.34656948982156316,0.050748620223090936,1.0,0.0,1.0,0.0,0.0,1.0,0.0,1.0,0.0,0.0
428,1,1,0.2334757476752953,0.050748620223090936,1.0,1.0,1.0,0.0,0.0,1.0,0.0,1.0,0.0,0.0
429,0,0,0.34656948982156316,0.015126992566498259,1.0,0.0,0.0,0.0,0.0,0.0,1.0,0.0,0.0,1.0
430,1,0,0.39683337521990447,0.015712553569072387,1.0,0.0,0.0,0.0,0.0,0.0,1.0,1.0,0.0,0.0
431,1,0,0.34656948982156316,0.051822148727810165,1.0,0.0,0.0,0.0,1.0,0.0,0.0,1.0,0.0,0.0
432,1,1,0.34656948982156316,0.031425107138144774,1.0,0.0,1.0,0.0,0.0,0.0,1.0,1.0,0.0,0.0
433,1,1,0.5224930887157577,0.050748620223090936,1.0,0.0,1.0,0.0,0.0,1.0,0.0,1.0,0.0,0.0
434,0,0,0.20834380497612465,0.013907073811135496,1.0,0.0,0.0,0.0,0.0,0.0,1.0,1.0,0.0,0.0
435,0,0,0.6230208595124404,0.1091095334796455,1.0,0.0,0.0,0.0,1.0,0.0,0.0,1.0,0.0,0.0
436,1,1,0.17064589092736868,0.23422440102965048,0.0,1.0,0.0,0.0,1.0,0.0,0.0,1.0,0.0,0.0
437,0,1,0.2586076903744659,0.06709553154495196,0.0,1.0,0.0,0.0,0.0,0.0,1.0,1.0,0.0,0.0
438,1,1,0.2963056044232219,0.03659756266088288,1.0,0.0,1.0,0.0,0.0,1.0,0.0,1.0,0.0,0.0
439,0,0,0.7989444584066349,0.5133418122566507,1.0,0.0,0.0,0.0,1.0,0.0,0.0,1.0,0.0,0.0
440,0,0,0.38426740387031916,0.020494635090094415,1.0,0.0,0.0,0.0,0.0,1.0,0.0,1.0,0.0,0.0
441,1,1,0.5601910027645137,0.05123658772523604,1.0,0.0,1.0,0.0,0.0,1.0,0.0,1.0,0.0,0.0
442,0,0,0.24604171902488062,0.018542765081513996,1.0,0.0,0.0,0.0,0.0,0.0,1.0,1.0,0.0,0.0
443,0,0,0.3088715757728072,0.015175789316712771,1.0,0.0,0.0,0.0,0.0,0.0,1.0,1.0,0.0,0.0
444,1,1,0.34656948982156316,0.025374310111545468,0.0,0.0,0.0,0.0,0.0,1.0,0.0,1.0,0.0,0.0
445,1,0,0.34656948982156316,0.015834545444608664,1.0,0.0,0.0,0.0,0.0,0.0,1.0,1.0,0.0,0.0
446,1,0,0.04498617743151546,0.15977676072337862,0.0,0.0,0.0,1.0,1.0,0.0,0.0,1.0,0.0,0.0
447,1,1,0.15807991957778336,0.038061465167318204,0.0,1.0,0.0,0.0,0.0,1.0,0.0,1.0,0.0,0.0
448,1,0,0.4219653179190751,0.051822148727810165,1.0,0.0,0.0,0.0,1.0,0.0,0.0,1.0,0.0,0.0
449,1,1,0.05755214878110078,0.03758969818624431,0.0,1.0,0.0,0.0,0.0,0.0,1.0,0.0,1.0,0.0
450,1,0,0.648152802211611,0.05953203526170282,0.0,0.0,0.0,0.0,1.0,0.0,0.0,1.0,0.0,0.0
451,0,0,0.4470972606182458,0.05416439273810667,1.0,0.0,0.0,0.0,0.0,1.0,0.0,1.0,0.0,0.0
452,0,0,0.34656948982156316,0.03897240290032268,1.0,0.0,0.0,0.0,0.0,0.0,1.0,1.0,0.0,0.0
453,0,0,0.37170143252073384,0.05416439273810667,1.0,0.0,0.0,0.0,1.0,0.0,0.0,0.0,1.0,0.0
454,1,0,0.610454888162855,0.17391981561855152,1.0,0.0,0.0,0.0,1.0,0.0,0.0,0.0,1.0,0.0
455,0,0,0.34656948982156316,0.015712553569072387,1.0,0.0,0.0,0.0,0.0,0.0,1.0,1.0,0.0,0.0
456,1,0,0.35913546117114853,0.015411575213749286,1.0,0.0,0.0,0.0,0.0,0.0,1.0,0.0,1.0,0.0
457,0,0,0.8115104297562202,0.051822148727810165,1.0,0.0,0.0,0.0,1.0,0.0,0.0,1.0,0.0,0.0
458,1,1,0.34656948982156316,0.10122885832000206,1.0,0.0,1.0,0.0,1.0,0.0,0.0,1.0,0.0,0.0
459,1,1,0.6230208595124404,0.020494635090094415,0.0,1.0,0.0,0.0,0.0,1.0,0.0,1.0,0.0,0.0
460,0,0,0.34656948982156316,0.015126992566498259,1.0,0.0,0.0,0.0,0.0,0.0,1.0,0.0,0.0,1.0
461,1,0,0.5978889168132697,0.051822148727810165,1.0,0.0,0.0,0.0,1.0,0.0,0.0,1.0,0.0,0.0
462,0,0,0.4219653179190751,0.015712553569072387,1.0,0.0,0.0,0.0,0.0,0.0,1.0,1.0,0.0,0.0
463,0,0,0.5853229454636844,0.07514699533034619,1.0,0.0,0.0,0.0,1.0,0.0,0.0,1.0,0.0,0.0
464,0,0,0.5978889168132697,0.025374310111545468,1.0,0.0,0.0,0.0,0.0,1.0,0.0,1.0,0.0,0.0
465,0,0,0.34656948982156316,0.015712553569072387,1.0,0.0,0.0,0.0,0.0,0.0,1.0,1.0,0.0,0.0
466,0,0,0.4722292033174164,0.013760683560491965,1.0,0.0,0.0,0.0,0.0,0.0,1.0,1.0,0.0,0.0
467,0,0,0.34656948982156316,0.0,1.0,0.0,0.0,0.0,0.0,1.0,0.0,1.0,0.0,0.0
468,0,0,0.6984166876099522,0.051822148727810165,1.0,0.0,0.0,0.0,1.0,0.0,0.0,1.0,0.0,0.0
469,0,0,0.34656948982156316,0.015078195816283748,1.0,0.0,0.0,0.0,0.0,0.0,1.0,0.0,0.0,1.0
470,1,1,0.0041467705453631576,0.03758969818624431,0.0,1.0,0.0,0.0,0.0,0.0,1.0,0.0,1.0,0.0
471,0,0,0.34656948982156316,0.014151057562208049,1.0,0.0,0.0,0.0,0.0,0.0,1.0,1.0,0.0,0.0
472,0,0,0.4722292033174164,0.016908073949327893,1.0,0.0,0.0,0.0,0.0,0.0,1.0,1.0,0.0,0.0
473,1,1,0.4093993465694898,0.05416439273810667,1.0,0.0,1.0,0.0,0.0,1.0,0.0,1.0,0.0,0.0
474,1,1,0.2837396330736366,0.026919605597338588,1.0,0.0,1.0,0.0,0.0,1.0,0.0,0.0,1.0,0.0
475,0,1,0.2711736617240512,0.019201521209409888,0.0,1.0,0.0,0.0,0.0,0.0,1.0,1.0,0.0,0.0
476,0,0,0.34656948982156316,0.10149724044618187,1.0,0.0,0.0,0.0,1.0,0.0,0.0,1.0,0.0,0.0
477,0,0,0.4219653179190751,0.04098927018018883,1.0,0.0,0.0,0.0,0.0,1.0,0.0,1.0,0.0,0.0
478,0,0,0.35913546117114853,0.013752485706455927,1.0,0.0,0.0,0.0,0.0,0.0,1.0,1.0,0.0,0.0
479,0,0,0.2711736617240512,0.014679623960531627,1.0,0.0,0.0,0.0,0.0,0.0,1.0,1.0,0.0,0.0
480,1,1,0.01985423473234481,0.023983602730431916,0.0,1.0,0.0,0.0,0.0,0.0,1.0,1.0,0.0,0.0
481,0,0,0.10781603417944208,0.09154270340242172,0.0,0.0,0.0,1.0,0.0,0.0,1.0,1.0,0.0,0.0
482,0,0,0.34656948982156316,0.0,1.0,0.0,0.0,0.0,0.0,1.0,0.0,1.0,0.0,0.0
483,0,0,0.6230208595124404,0.015712553569072387,1.0,0.0,0.0,0.0,0.0,0.0,1.0,1.0,0.0,0.0
484,1,1,0.7863784870570495,0.018713553707264782,1.0,0.0,1.0,0.0,0.0,0.0,1.0,1.0,0.0,0.0
485,1,0,0.3088715757728072,0.17777475888549785,1.0,0.0,0.0,0.0,1.0,0.0,0.0,0.0,1.0,0.0
486,0,1,0.34656948982156316,0.049707687947515,0.0,1.0,0.0,0.0,0.0,0.0,1.0,1.0,0.0,0.0
487,1,1,0.4345312892686604,0.17566830077223786,1.0,0.0,1.0,0.0,1.0,0.0,0.0,1.0,0.0,0.0
488,0,0,0.723548630309123,0.057970539254838485,1.0,0.0,0.0,0.0,1.0,0.0,0.0,0.0,1.0,0.0
489,0,0,0.37170143252073384,0.015712553569072387,1.0,0.0,0.0,0.0,0.0,0.0,1.0,1.0,0.0,0.0
490,1,0,0.10781603417944208,0.031034733136428686,0.0,0.0,0.0,1.0,0.0,0.0,1.0,1.0,0.0,0.0
491,0,0,0.34656948982156316,0.03897240290032268,1.0,0.0,0.0,0.0,0.0,0.0,1.0,1.0,0.0,0.0
492,0,0,0.2586076903744659,0.014151057562208049,1.0,0.0,0.0,0.0,0.0,0.0,1.0,1.0,0.0,0.0
493,0,0,0.685850716260367,0.05953203526170282,1.0,0.0,0.0,0.0,1.0,0.0,0.0,1.0,0.0,0.0
494,0,0,0.8869062578537321,0.09662576327876685,1.0,0.0,0.0,0.0,1.0,0.0,0.0,0.0,1.0,0.0
495,0,0,0.2586076903744659,0.015712553569072387,1.0,0.0,0.0,0.0,0.0,0.0,1.0,1.0,0.0,0.0
496,0,0,0.34656948982156316,0.028220722145058292,1.0,0.0,0.0,0.0,0.0,0.0,1.0,0.0,1.0,0.0
497,1,1,0.6732847449107816,0.1527664244005612,0.0,1.0,0.0,0.0,1.0,0.0,0.0,0.0,1.0,0.0
498,0,0,0.34656948982156316,0.029473237129564348,1.0,0.0,0.0,0.0,0.0,0.0,1.0,1.0,0.0,0.0
499,0,1,0.3088715757728072,0.29580589980036276,1.0,0.0,1.0,0.0,1.0,0.0,0.0,1.0,0.0,0.0
500,0,0,0.2963056044232219,0.015216388212891242,1.0,0.0,0.0,0.0,0.0,0.0,1.0,1.0,0.0,0.0
501,0,0,0.20834380497612465,0.016908073949327893,1.0,0.0,0.0,0.0,0.0,0.0,1.0,1.0,0.0,0.0
502,0,1,0.2586076903744659,0.015126992566498259,0.0,1.0,0.0,0.0,0.0,0.0,1.0,0.0,0.0,1.0
503,0,1,0.34656948982156316,0.014891206669461744,0.0,1.0,0.0,0.0,0.0,0.0,1.0,0.0,0.0,1.0
504,0,1,0.4596632319678311,0.018713553707264782,0.0,1.0,0.0,0.0,0.0,0.0,1.0,1.0,0.0,0.0
505,1,1,0.19577783362653933,0.16883675574220638,0.0,1.0,0.0,0.0,1.0,0.0,0.0,1.0,0.0,0.0
506,0,0,0.22090977632571,0.2125586439344078,1.0,0.0,0.0,0.0,1.0,0.0,0.0,0.0,1.0,0.0
507,1,1,0.4093993465694898,0.050748620223090936,1.0,0.0,1.0,0.0,0.0,1.0,0.0,1.0,0.0,0.0
508,1,0,0.34656948982156316,0.051822148727810165,1.0,0.0,0.0,0.0,1.0,0.0,0.0,1.0,0.0,0.0
509,0,0,0.34656948982156316,0.04396587194327397,1.0,0.0,0.0,0.0,0.0,0.0,1.0,1.0,0.0,0.0
510,1,0,0.32143754712239253,0.11027245763075773,1.0,0.0,0.0,0.0,0.0,0.0,1.0,1.0,0.0,0.0
511,1,0,0.35913546117114853,0.015126992566498259,1.0,0.0,0.0,0.0,0.0,0.0,1.0,0.0,0.0,1.0
512,0,0,0.34656948982156316,0.015712553569072387,1.0,0.0,0.0,0.0,0.0,0.0,1.0,1.0,0.0,0.0
513,1,0,0.4470972606182458,0.05130978285055781,1.0,0.0,0.0,0.0,1.0,0.0,0.0,1.0,0.0,0.0
514,1,1,0.6732847449107816,0.11594107850967697,1.0,0.0,1.0,0.0,1.0,0.0,0.0,0.0,1.0,0.0
515,0,0,0.2963056044232219,0.014630827210317117,1.0,0.0,0.0,0.0,0.0,0.0,1.0,1.0,0.0,0.0
516,0,0,0.5853229454636844,0.06640417918791278,1.0,0.0,0.0,0.0,1.0,0.0,0.0,1.0,0.0,0.0
517,1,1,0.4219653179190751,0.020494635090094415,1.0,0.0,1.0,0.0,0.0,1.0,0.0,1.0,0.0,0.0
518,0,0,0.34656948982156316,0.04713766070721715,1.0,0.0,0.0,0.0,0.0,0.0,1.0,0.0,0.0,1.0
519,1,1,0.4470972606182458,0.050748620223090936,1.0,0.0,1.0,0.0,0.0,1.0,0.0,1.0,0.0,0.0
520,0,0,0.39683337521990447,0.015411575213749286,1.0,0.0,0.0,0.0,0.0,0.0,1.0,1.0,0.0,0.0
521,1,1,0.37170143252073384,0.18249984580226933,0.0,1.0,0.0,0.0,1.0,0.0,0.0,1.0,0.0,0.0
522,0,0,0.2711736617240512,0.015411575213749286,1.0,0.0,0.0,0.0,0.0,0.0,1.0,1.0,0.0,0.0
523,0,0,0.34656948982156316,0.014102260811993537,1.0,0.0,0.0,0.0,0.0,0.0,1.0,0.0,1.0,0.0
524,1,1,0.5476250314149284,0.11316786160148591,1.0,0.0,1.0,0.0,1.0,0.0,0.0,0.0,1.0,0.0
525,0,0,0.34656948982156316,0.014110458666029575,1.0,0.0,0.0,0.0,0.0,0.0,1.0,0.0,1.0,0.0
526,0,0,0.5036441316913798,0.015126992566498259,1.0,0.0,0.0,0.0,0.0,0.0,1.0,0.0,0.0,1.0
527,1,1,0.6230208595124404,0.020494635090094415,0.0,1.0,0.0,0.0,0.0,1.0,0.0,1.0,0.0,0.0
528,0,0,0.34656948982156316,0.4328841690069588,1.0,0.0,0.0,0.0,1.0,0.0,0.0,1.0,0.0,0.0
529,0,0,0.4847951746670017,0.015468569817999833,1.0,0.0,0.0,0.0,0.0,0.0,1.0,1.0,0.0,0.0
530,0,0,0.2837396330736366,0.022446505098674838,1.0,0.0,0.0,0.0,0.0,1.0,0.0,1.0,0.0,0.0
531,1,1,0.01985423473234481,0.050748620223090936,0.0,1.0,0.0,0.0,0.0,1.0,0.0,1.0,0.0,0.0
532,0,0,0.34656948982156316,0.014110458666029575,1.0,0.0,0.0,0.0,0.0,0.0,1.0,0.0,1.0,0.0
533,0,0,0.20834380497612465,0.014110458666029575,1.0,0.0,0.0,0.0,0.0,0.0,1.0,0.0,1.0,0.0
534,1,1,0.34656948982156316,0.04364049521284362,1.0,0.0,1.0,0.0,0.0,0.0,1.0,0.0,1.0,0.0
535,0,1,0.37170143252073384,0.016908073949327893,0.0,1.0,0.0,0.0,0.0,0.0,1.0,1.0,0.0,0.0
536,1,1,0.08268409148027142,0.05123658772523604,0.0,1.0,0.0,0.0,0.0,1.0,0.0,1.0,0.0,0.0
537,0,0,0.5601910027645137,0.051822148727810165,0.0,0.0,0.0,0.0,1.0,0.0,0.0,1.0,0.0,0.0
538,1,1,0.37170143252073384,0.20772776566317125,0.0,1.0,0.0,0.0,1.0,0.0,0.0,0.0,1.0,0.0
539,0,0,0.34656948982156316,0.028302115124416098,1.0,0.0,0.0,0.0,0.0,0.0,1.0,1.0,0.0,0.0
540,1,1,0.2711736617240512,0.09661756542473082,0.0,1.0,0.0,0.0,1.0,0.0,0.0,0.0,1.0,0.0
541,1,1,0.4470972606182458,0.13858277060920987,0.0,1.0,0.0,0.0,1.0,0.0,0.0,1.0,0.0,0.0
542,0,1,0.10781603417944208,0.06104473451835265,0.0,1.0,0.0,0.0,0.0,0.0,1.0,1.0,0.0,0.0
543,0,1,0.1329479768786127,0.06104473451835265,0.0,1.0,0.0,0.0,0.0,0.0,1.0,1.0,0.0,0.0
544,1,0,0.39683337521990447,0.050748620223090936,1.0,0.0,0.0,0.0,0.0,1.0,0.0,1.0,0.0,0.0
545,0,0,0.6230208595124404,0.20772776566317125,1.0,0.0,0.0,0.0,1.0,0.0,0.0,0.0,1.0,0.0
546,0,0,0.7989444584066349,0.050748620223090936,1.0,0.0,0.0,0.0,1.0,0.0,0.0,1.0,0.0,0.0
547,1,1,0.2334757476752953,0.050748620223090936,1.0,0.0,1.0,0.0,0.0,1.0,0.0,1.0,0.0,0.0
548,1,0,0.34656948982156316,0.02705779799394608,1.0,0.0,0.0,0.0,0.0,1.0,0.0,0.0,1.0,0.0
549,0,0,0.4093993465694898,0.04006213192611313,1.0,0.0,0.0,0.0,0.0,0.0,1.0,1.0,0.0,0.0
550,1,0,0.09525006282985675,0.07173122281533045,0.0,0.0,0.0,1.0,0.0,1.0,0.0,1.0,0.0,0.0
551,1,0,0.20834380497612465,0.21642978772242535,1.0,0.0,0.0,0.0,1.0,0.0,0.0,0.0,1.0,0.0
552,0,0,0.33400351847197784,0.050748620223090936,1.0,0.0,0.0,0.0,0.0,1.0,0.0,1.0,0.0,0.0
553,0,0,0.34656948982156316,0.015281580671177828,1.0,0.0,0.0,0.0,0.0,0.0,1.0,0.0,0.0,1.0
554,1,0,0.2711736617240512,0.014102260811993537,1.0,0.0,0.0,0.0,0.0,0.0,1.0,0.0,1.0,0.0
555,1,1,0.2711736617240512,0.015175789316712771,0.0,1.0,0.0,0.0,0.0,0.0,1.0,1.0,0.0,0.0
556,0,0,0.7738125157074642,0.051822148727810165,1.0,0.0,0.0,0.0,1.0,0.0,0.0,1.0,0.0,0.0
557,1,1,0.5978889168132697,0.07729405233978466,1.0,0.0,1.0,0.0,1.0,0.0,0.0,0.0,1.0,0.0
558,0,0,0.34656948982156316,0.4440992237022602,1.0,0.0,0.0,0.0,1.0,0.0,0.0,0.0,1.0,0.0
559,1,1,0.4847951746670017,0.1554664461834305,1.0,0.0,1.0,0.0,1.0,0.0,0.0,1.0,0.0,0.0
560,1,1,0.4470972606182458,0.033962538149299316,1.0,0.0,1.0,0.0,0.0,0.0,1.0,1.0,0.0,0.0
561,0,0,0.34656948982156316,0.015126992566498259,1.0,0.0,0.0,0.0,0.0,0.0,1.0,0.0,0.0,1.0
562,0,0,0.49736114601658704,0.015411575213749286,1.0,0.0,0.0,0.0,0.0,0.0,1.0,1.0,0.0,0.0
563,0,0,0.34656948982156316,0.026350245115835676,1.0,0.0,0.0,0.0,0.0,1.0,0.0,1.0,0.0,0.0
564,0,0,0.34656948982156316,0.015712553569072387,1.0,0.0,0.0,0.0,0.0,0.0,1.0,1.0,0.0,0.0
565,0,1,0.34656948982156316,0.015712553569072387,0.0,1.0,0.0,0.0,0.0,0.0,1.0,1.0,0.0,0.0
566,0,0,0.2963056044232219,0.04713766070721715,1.0,0.0,0.0,0.0,0.0,0.0,1.0,1.0,0.0,0.0
567,0,0,0.2334757476752953,0.015411575213749286,1.0,0.0,0.0,0.0,0.0,0.0,1.0,1.0,0.0,0.0
568,0,1,0.35913546117114853,0.04113566043083236,1.0,0.0,1.0,0.0,0.0,0.0,1.0,1.0,0.0,0.0
569,0,0,0.34656948982156316,0.014110458666029575,1.0,0.0,0.0,0.0,0.0,0.0,1.0,0.0,1.0,0.0
570,1,0,0.39683337521990447,0.015330377421392339,1.0,0.0,0.0,0.0,0.0,0.0,1.0,1.0,0.0,0.0
571,1,0,0.7738125157074642,0.020494635090094415,1.0,0.0,0.0,0.0,0.0,1.0,0.0,1.0,0.0,0.0
572,1,1,0.6607187735611963,0.10048070654571319,1.0,0.0,1.0,0.0,1.0,0.0,0.0,1.0,0.0,0.0
573,1,0,0.4470972606182458,0.051504969851415845,1.0,0.0,0.0,0.0,1.0,0.0,0.0,1.0,0.0,0.0
574,1,1,0.34656948982156316,0.015126992566498259,0.0,1.0,0.0,0.0,0.0,0.0,1.0,0.0,0.0,1.0
575,0,0,0.19577783362653933,0.015712553569072387,1.0,0.0,0.0,0.0,0.0,0.0,1.0,1.0,0.0,0.0
576,0,0,0.2334757476752953,0.028302115124416098,1.0,0.0,0.0,0.0,0.0,0.0,1.0,1.0,0.0,0.0
577,1,1,0.4219653179190751,0.025374310111545468,0.0,1.0,0.0,0.0,0.0,1.0,0.0,1.0,0.0,0.0
578,1,1,0.4847951746670017,0.1091095334796455,1.0,0.0,1.0,0.0,1.0,0.0,0.0,1.0,0.0,0.0
579,0,1,0.34656948982156316,0.028220722145058292,1.0,0.0,1.0,0.0,0.0,0.0,1.0,0.0,1.0,0.0
580,1,0,0.39683337521990447,0.015468569817999833,1.0,0.0,0.0,0.0,0.0,0.0,1.0,1.0,0.0,0.0
581,1,1,0.3088715757728072,0.05855610025741262,0.0,1.0,0.0,0.0,0.0,1.0,0.0,1.0,0.0,0.0
582,1,1,0.4847951746670017,0.21642978772242535,1.0,0.0,1.0,0.0,1.0,0.0,0.0,0.0,1.0,0.0
583,0,0,0.6732847449107816,0.050748620223090936,1.0,0.0,0.0,0.0,0.0,1.0,0.0,1.0,0.0,0.0
584,0,0,0.4470972606182458,0.07831878409428937,1.0,0.0,0.0,0.0,1.0,0.0,0.0,0.0,1.0,0.0
585,0,0,0.34656948982156316,0.017005667449756914,1.0,0.0,0.0,0.0,0.0,0.0,1.0,0.0,1.0,0.0
586,1,1,0.22090977632571,0.1554664461834305,0.0,1.0,0.0,0.0,1.0,0.0,0.0,1.0,0.0,0.0
587,0,0,0.5853229454636844,0.02927805012870631,1.0,0.0,0.0,0.0,0.0,1.0,0.0,1.0,0.0,0.0
588,1,0,0.7486805730082936,0.15458810467956932,1.0,0.0,0.0,0.0,1.0,0.0,0.0,0.0,1.0,0.0
589,0,0,0.2711736617240512,0.015712553569072387,1.0,0.0,0.0,0.0,0.0,0.0,1.0,1.0,0.0,0.0
590,0,0,0.34656948982156316,0.015712553569072387,1.0,0.0,0.0,0.0,0.0,0.0,1.0,1.0,0.0,0.0
591,0,0,0.4345312892686604,0.013907073811135496,1.0,0.0,0.0,0.0,0.0,0.0,1.0,1.0,0.0,0.0
592,1,1,0.648152802211611,0.1527664244005612,1.0,0.0,1.0,0.0,1.0,0.0,0.0,0.0,1.0,0.0
593,0,0,0.5853229454636844,0.014151057562208049,1.0,0.0,0.0,0.0,0.0,0.0,1.0,1.0,0.0,0.0
594,0,1,0.34656948982156316,0.015126992566498259,0.0,1.0,0.0,0.0,0.0,0.0,1.0,0.0,0.0,1.0
595,0,0,0.4596632319678311,0.050748620223090936,1.0,0.0,0.0,0.0,0.0,1.0,0.0,1.0,0.0,0.0
596,0,0,0.4470972606182458,0.04713766070721715,1.0,0.0,0.0,0.0,0.0,0.0,1.0,1.0,0.0,0.0
597,1,1,0.34656948982156316,0.06441171028315387,0.0,1.0,0.0,0.0,0.0,1.0,0.0,1.0,0.0,0.0
598,0,0,0.610454888162855,0.0,1.0,0.0,0.0,0.0,0.0,0.0,1.0,1.0,0.0,0.0
599,0,0,0.34656948982156316,0.014102260811993537,1.0,0.0,0.0,0.0,0.0,0.0,1.0,0.0,1.0,0.0
600,1,0,0.610454888162855,0.11111839809247648,1.0,0.0,0.0,0.0,1.0,0.0,0.0,0.0,1.0,0.0
601,1,1,0.2963056044232219,0.05270049023167135,1.0,0.0,1.0,0.0,0.0,1.0,0.0,1.0,0.0,0.0
602,0,0,0.34656948982156316,0.015411575213749286,1.0,0.0,0.0,0.0,0.0,0.0,1.0,1.0,0.0,0.0
603,0,0,0.34656948982156316,0.08275928836380983,1.0,0.0,0.0,0.0,1.0,0.0,0.0,1.0,0.0,0.0
604,0,0,0.5476250314149284,0.015712553569072387,1.0,0.0,0.0,0.0,0.0,0.0,1.0,1.0,0.0,0.0
605,1,0,0.4345312892686604,0.051822148727810165,1.0,0.0,0.0,0.0,1.0,0.0,0.0,0.0,1.0,0.0
606,0,0,0.4470972606182458,0.030351578633425542,1.0,0.0,0.0,0.0,0.0,0.0,1.0,1.0,0.0,0.0
607,0,0,0.37170143252073384,0.015411575213749286,1.0,0.0,0.0,0.0,0.0,0.0,1.0,1.0,0.0,0.0
608,1,0,0.33400351847197784,0.05953203526170282,1.0,0.0,0.0,0.0,1.0,0.0,0.0,1.0,0.0,0.0
609,1,1,0.2711736617240512,0.08115719346076702,1.0,0.0,1.0,0.0,0.0,1.0,0.0,0.0,1.0,0.0
610,1,1,0.49736114601658704,0.2995388511917728,0.0,1.0,0.0,0.0,1.0,0.0,0.0,1.0,0.0,0.0
611,0,1,0.4847951746670017,0.06104473451835265,1.0,0.0,1.0,0.0,0.0,0.0,1.0,1.0,0.0,0.0
612,0,0,0.34656948982156316,0.013760683560491965,1.0,0.0,0.0,0.0,0.0,0.0,1.0,1.0,0.0,0.0
613,1,1,0.34656948982156316,0.030253985132996517,0.0,1.0,0.0,0.0,0.0,0.0,1.0,0.0,0.0,1.0
614,0,0,0.34656948982156316,0.015126992566498259,1.0,0.0,0.0,0.0,0.0,0.0,1.0,0.0,0.0,1.0
615,0,0,0.4345312892686604,0.015712553569072387,1.0,0.0,0.0,0.0,0.0,0.0,1.0,1.0,0.0,0.0
616,1,1,0.2963056044232219,0.12687155055772734,0.0,1.0,0.0,0.0,0.0,1.0,0.0,1.0,0.0,0.0
617,0,0,0.4219653179190751,0.028106928123558056,1.0,0.0,0.0,0.0,0.0,0.0,1.0,1.0,0.0,0.0
618,0,1,0.32143754712239253,0.031425107138144774,1.0,0.0,1.0,0.0,0.0,0.0,1.0,1.0,0.0,0.0
619,1,1,0.04498617743151546,0.07612293033463641,0.0,1.0,0.0,0.0,0.0,1.0,0.0,1.0,0.0,0.0
620,0,0,0.32143754712239253,0.020494635090094415,1.0,0.0,0.0,0.0,0.0,1.0,0.0,1.0,0.0,0.0
621,0,0,0.33400351847197784,0.028212719478023115,1.0,0.0,0.0,0.0,0.0,0.0,1.0,0.0,1.0,0.0
622,1,0,0.5224930887157577,0.10257896680493714,1.0,0.0,0.0,0.0,1.0,0.0,0.0,1.0,0.0,0.0
623,1,0,0.24604171902488062,0.030725752114070404,1.0,0.0,0.0,0.0,0.0,0.0,1.0,0.0,1.0,0.0
624,0,0,0.2586076903744659,0.015330377421392339,1.0,0.0,0.0,0.0,0.0,0.0,1.0,1.0,0.0,0.0
625,0,0,0.2586076903744659,0.031425107138144774,1.0,0.0,0.0,0.0,0.0,0.0,1.0,1.0,0.0,0.0
626,0,0,0.7612465443578789,0.06308600017332605,1.0,0.0,0.0,0.0,1.0,0.0,0.0,1.0,0.0,0.0
627,0,0,0.7109826589595376,0.024105594605968193,0.0,0.0,0.0,0.0,0.0,1.0,0.0,0.0,0.0,1.0
628,1,1,0.2586076903744659,0.15216446768991498,0.0,1.0,0.0,0.0,1.0,0.0,0.0,1.0,0.0,0.0
629,0,0,0.32143754712239253,0.015411575213749286,1.0,0.0,0.0,0.0,0.0,0.0,1.0,1.0,0.0,0.0
630,0,0,0.34656948982156316,0.015094396337354966,1.0,0.0,0.0,0.0,0.0,0.0,1.0,0.0,0.0,1.0
631,1,0,1.0,0.05855610025741262,1.0,0.0,0.0,0.0,1.0,0.0,0.0,1.0,0.0,0.0
632,0,0,0.6355868308620256,0.013768881414528002,1.0,0.0,0.0,0.0,0.0,0.0,1.0,1.0,0.0,0.0
633,1,0,0.39683337521990447,0.05953203526170282,0.0,0.0,0.0,0.0,1.0,0.0,0.0,0.0,1.0,0.0
634,0,0,0.34656948982156316,0.0,1.0,0.0,0.0,0.0,1.0,0.0,0.0,1.0,0.0,0.0
635,0,1,0.10781603417944208,0.05445717323939373,0.0,1.0,0.0,0.0,0.0,0.0,1.0,1.0,0.0,0.0
636,1,1,0.34656948982156316,0.025374310111545468,0.0,1.0,0.0,0.0,0.0,1.0,0.0,1.0,0.0,0.0
637,0,0,0.39683337521990447,0.015468569817999833,1.0,0.0,0.0,0.0,0.0,0.0,1.0,1.0,0.0,0.0
638,0,0,0.38426740387031916,0.05123658772523604,1.0,0.0,0.0,0.0,0.0,1.0,0.0,1.0,0.0,0.0
639,0,1,0.5099271173661725,0.07746484096553544,1.0,0.0,1.0,0.0,0.0,0.0,1.0,1.0,0.0,0.0
640,0,0,0.34656948982156316,0.031425107138144774,1.0,0.0,0.0,0.0,0.0,0.0,1.0,1.0,0.0,0.0
641,0,0,0.24604171902488062,0.015330377421392339,1.0,0.0,0.0,0.0,0.0,0.0,1.0,1.0,0.0,0.0
642,1,1,0.2963056044232219,0.13526459159462315,0.0,0.0,0.0,0.0,1.0,0.0,0.0,0.0,1.0,0.0
643,0,1,0.01985423473234481,0.05445717323939373,0.0,1.0,0.0,0.0,0.0,0.0,1.0,1.0,0.0,0.0
644,1,0,0.34656948982156316,0.11027245763075773,1.0,0.0,0.0,0.0,0.0,0.0,1.0,1.0,0.0,0.0
645,1,1,0.0041467705453631576,0.03758969818624431,0.0,1.0,0.0,0.0,0.0,0.0,1.0,0.0,1.0,0.0
646,1,0,0.5978889168132697,0.1497654242623688,1.0,0.0,0.0,0.0,1.0,0.0,0.0,0.0,1.0,0.0
647,0,0,0.2334757476752953,0.015411575213749286,1.0,0.0,0.0,0.0,0.0,0.0,1.0,1.0,0.0,0.0
648,1,0,0.6984166876099522,0.06929138530460494,0.0,0.0,0.0,0.0,1.0,0.0,0.0,0.0,1.0,0.0
649,0,0,0.34656948982156316,0.014736618564782174,1.0,0.0,0.0,0.0,0.0,0.0,1.0,1.0,0.0,0.0
650,1,1,0.2837396330736366,0.014736618564782174,0.0,1.0,0.0,0.0,0.0,0.0,1.0,1.0,0.0,0.0
651,0,0,0.34656948982156316,0.015411575213749286,1.0,0.0,0.0,0.0,0.0,0.0,1.0,1.0,0.0,0.0
652,1,1,0.22090977632571,0.044893010197349675,0.0,1.0,0.0,0.0,0.0,1.0,0.0,1.0,0.0,0.0
653,0,0,0.2586076903744659,0.01646070534336126,1.0,0.0,0.0,0.0,0.0,0.0,1.0,1.0,0.0,0.0
654,1,1,0.34656948982156316,0.015281580671177828,0.0,1.0,0.0,0.0,0.0,0.0,1.0,0.0,0.0,1.0
655,0,1,0.22090977632571,0.013175122557917838,0.0,1.0,0.0,0.0,0.0,0.0,1.0,0.0,0.0,1.0
656,0,0,0.2963056044232219,0.1434624456306609,1.0,0.0,0.0,0.0,0.0,1.0,0.0,1.0,0.0,0.0
657,0,0,0.34656948982156316,0.015411575213749286,1.0,0.0,0.0,0.0,0.0,0.0,1.0,1.0,0.0,0.0
658,0,1,0.39683337521990447,0.030253985132996517,1.0,0.0,1.0,0.0,0.0,0.0,1.0,0.0,0.0,1.0
659,0,0,0.2837396330736366,0.025374310111545468,1.0,0.0,0.0,0.0,0.0,1.0,0.0,1.0,0.0,0.0
660,0,0,0.723548630309123,0.22109807522194713,1.0,0.0,0.0,0.0,1.0,0.0,0.0,0.0,1.0,0.0
661,1,0,0.6230208595124404,0.2608674266467732,0.0,0.0,0.0,0.0,1.0,0.0,0.0,1.0,0.0,0.0
662,0,0,0.49736114601658704,0.014102260811993537,1.0,0.0,0.0,0.0,0.0,0.0,1.0,0.0,1.0,0.0
663,0,0,0.5853229454636844,0.04994347384455151,1.0,0.0,0.0,0.0,1.0,0.0,0.0,1.0,0.0,0.0
664,0,0,0.4470972606182458,0.014630827210317117,1.0,0.0,0.0,0.0,0.0,0.0,1.0,1.0,0.0,0.0
665,1,0,0.24604171902488062,0.015468569817999833,1.0,0.0,0.0,0.0,0.0,0.0,1.0,1.0,0.0,0.0
666,0,0,0.39683337521990447,0.1434624456306609,1.0,0.0,0.0,0.0,0.0,1.0,0.0,1.0,0.0,0.0
667,0,0,0.3088715757728072,0.025374310111545468,1.0,0.0,0.0,0.0,0.0,1.0,0.0,1.0,0.0,0.0
668,0,0,0.34656948982156316,0.015175789316712771,1.0,0.0,0.0,0.0,0.0,0.0,1.0,1.0,0.0,0.0
669,0,0,0.5350590600653431,0.015712553569072387,1.0,0.0,0.0,0.0,0.0,0.0,1.0,1.0,0.0,0.0
670,1,1,0.34656948982156316,0.10149724044618187,1.0,0.0,1.0,0.0,1.0,0.0,0.0,1.0,0.0,0.0
671,1,1,0.49736114601658704,0.07612293033463641,1.0,0.0,1.0,0.0,0.0,1.0,0.0,1.0,0.0,0.0
672,0,0,0.38426740387031916,0.10149724044618187,1.0,0.0,0.0,0.0,1.0,0.0,0.0,1.0,0.0,0.0
673,0,0,0.8743402865041467,0.020494635090094415,1.0,0.0,0.0,0.0,0.0,1.0,0.0,1.0,0.0,0.0
674,1,0,0.38426740387031916,0.025374310111545468,1.0,0.0,0.0,0.0,0.0,1.0,0.0,1.0,0.0,0.0
675,0,0,0.34656948982156316,0.0,1.0,0.0,0.0,0.0,0.0,1.0,0.0,1.0,0.0,0.0
676,0,0,0.22090977632571,0.015175789316712771,1.0,0.0,0.0,0.0,0.0,0.0,1.0,1.0,0.0,0.0
677,0,0,0.30258859009801453,0.015712553569072387,1.0,0.0,0.0,0.0,0.0,0.0,1.0,1.0,0.0,0.0
678,1,1,0.22090977632571,0.019209719063445922,0.0,1.0,0.0,0.0,0.0,0.0,1.0,1.0,0.0,0.0
679,0,1,0.5350590600653431,0.09154270340242172,1.0,0.0,1.0,0.0,0.0,0.0,1.0,1.0,0.0,0.0
680,1,0,0.4470972606182458,1.0,1.0,0.0,0.0,0.0,1.0,0.0,0.0,0.0,1.0,0.0
681,0,1,0.34656948982156316,0.01588334219482317,0.0,1.0,0.0,0.0,0.0,0.0,1.0,0.0,0.0,1.0
682,1,0,0.33400351847197784,0.1497654242623688,1.0,0.0,0.0,0.0,1.0,0.0,0.0,0.0,1.0,0.0
683,0,0,0.24604171902488062,0.01800600082915438,1.0,0.0,0.0,0.0,0.0,0.0,1.0,1.0,0.0,0.0
684,0,0,0.17064589092736868,0.09154270340242172,1.0,0.0,0.0,0.0,0.0,0.0,1.0,1.0,0.0,0.0
685,0,0,0.7486805730082936,0.07612293033463641,1.0,0.0,0.0,0.0,0.0,1.0,0.0,1.0,0.0,0.0
686,0,0,0.3088715757728072,0.08115719346076702,1.0,0.0,0.0,0.0,0.0,1.0,0.0,0.0,1.0,0.0
687,0,0,0.17064589092736868,0.07746484096553544,1.0,0.0,0.0,0.0,0.0,0.0,1.0,1.0,0.0,0.0
688,0,0,0.2334757476752953,0.019852079483269742,1.0,0.0,0.0,0.0,0.0,0.0,1.0,1.0,0.0,0.0
689,0,0,0.22090977632571,0.015216388212891242,1.0,0.0,0.0,0.0,0.0,0.0,1.0,1.0,0.0,0.0
690,1,1,0.18321186227695402,0.41250332793836464,0.0,1.0,0.0,0.0,1.0,0.0,0.0,1.0,0.0,0.0
691,1,0,0.38426740387031916,0.11125659048908397,1.0,0.0,0.0,0.0,1.0,0.0,0.0,1.0,0.0,0.0
692,1,1,0.04498617743151546,0.026187654344120927,0.0,1.0,0.0,0.0,0.0,0.0,1.0,0.0,1.0,0.0
693,1,0,0.34656948982156316,0.11027245763075773,1.0,0.0,0.0,0.0,0.0,0.0,1.0,1.0,0.0,0.0
694,0,0,0.3088715757728072,0.014102260811993537,1.0,0.0,0.0,0.0,0.0,0.0,1.0,0.0,1.0,0.0
695,0,0,0.7486805730082936,0.051822148727810165,0.0,0.0,0.0,0.0,1.0,0.0,0.0,1.0,0.0,0.0
696,0,0,0.648152802211611,0.026350245115835676,1.0,0.0,0.0,0.0,0.0,1.0,0.0,1.0,0.0,0.0
697,0,0,0.5476250314149284,0.015712553569072387,1.0,0.0,0.0,0.0,0.0,0.0,1.0,1.0,0.0,0.0
698,1,1,0.34656948982156316,0.015094396337354966,0.0,1.0,0.0,0.0,0.0,0.0,1.0,0.0,0.0,1.0
699,0,0,0.610454888162855,0.21642978772242535,1.0,0.0,0.0,0.0,1.0,0.0,0.0,0.0,1.0,0.0
700,0,0,0.5224930887157577,0.014931805565640218,1.0,0.0,0.0,0.0,0.0,0.0,1.0,1.0,0.0,0.0
701,1,1,0.22090977632571,0.4440992237022602,1.0,0.0,1.0,0.0,1.0,0.0,0.0,0.0,1.0,0.0
702,1,0,0.4345312892686604,0.05130978285055781,1.0,0.0,0.0,0.0,1.0,0.0,0.0,1.0,0.0,0.0
703,0,1,0.22090977632571,0.028212719478023115,0.0,1.0,0.0,0.0,0.0,0.0,1.0,0.0,1.0,0.0
704,0,0,0.3088715757728072,0.015110792045427042,1.0,0.0,0.0,0.0,0.0,0.0,1.0,0.0,0.0,1.0
705,0,0,0.32143754712239253,0.015330377421392339,1.0,0.0,0.0,0.0,0.0,0.0,1.0,1.0,0.0,0.0
706,0,0,0.4847951746670017,0.050748620223090936,1.0,0.0,0.0,0.0,0.0,1.0,0.0,1.0,0.0,0.0
707,1,1,0.5601910027645137,0.026350245115835676,1.0,0.0,1.0,0.0,0.0,1.0,0.0,1.0,0.0,0.0
708,1,0,0.5224930887157577,0.05130978285055781,1.0,0.0,0.0,0.0,1.0,0.0,0.0,1.0,0.0,0.0
709,1,1,0.2711736617240512,0.29580589980036276,0.0,1.0,0.0,0.0,1.0,0.0,0.0,1.0,0.0,0.0
710,1,0,0.34656948982156316,0.029757819776815374,0.0,0.0,0.0,1.0,0.0,0.0,1.0,0.0,1.0,0.0
711,1,1,0.2963056044232219,0.09662576327876685,1.0,0.0,1.0,0.0,1.0,0.0,0.0,0.0,1.0,0.0
712,0,0,0.34656948982156316,0.051822148727810165,1.0,0.0,0.0,0.0,1.0,0.0,0.0,1.0,0.0,0.0
713,1,0,0.5978889168132697,0.10149724044618187,1.0,0.0,0.0,0.0,1.0,0.0,0.0,1.0,0.0,0.0
714,0,0,0.35913546117114853,0.018510168852370702,1.0,0.0,0.0,0.0,0.0,0.0,1.0,1.0,0.0,0.0
715,0,0,0.648152802211611,0.025374310111545468,1.0,0.0,0.0,0.0,0.0,1.0,0.0,1.0,0.0,0.0
716,0,0,0.2334757476752953,0.014931805565640218,1.0,0.0,0.0,0.0,0.0,0.0,1.0,1.0,0.0,0.0
717,1,1,0.4722292033174164,0.4440992237022602,0.0,1.0,0.0,0.0,1.0,0.0,0.0,0.0,1.0,0.0
718,1,1,0.33400351847197784,0.020494635090094415,0.0,1.0,0.0,0.0,0.0,1.0,0.0,1.0,0.0,0.0
719,0,0,0.34656948982156316,0.030253985132996517,1.0,0.0,0.0,0.0,0.0,0.0,1.0,0.0,0.0,1.0
720,0,0,0.4093993465694898,0.015175789316712771,1.0,0.0,0.0,0.0,0.0,0.0,1.0,1.0,0.0,0.0
721,1,1,0.0701181201306861,0.06441171028315387,0.0,1.0,0.0,0.0,0.0,1.0,0.0,1.0,0.0,0.0
722,0,0,0.20834380497612465,0.013768881414528002,1.0,0.0,0.0,0.0,0.0,0.0,1.0,1.0,0.0,0.0
723,0,0,0.4219653179190751,0.025374310111545468,1.0,0.0,0.0,0.0,0.0,1.0,0.0,1.0,0.0,0.0
724,0,0,0.6230208595124404,0.025374310111545468,1.0,0.0,0.0,0.0,0.0,1.0,0.0,1.0,0.0,0.0
725,1,0,0.33400351847197784,0.10364429745562033,1.0,0.0,0.0,0.0,1.0,0.0,0.0,1.0,0.0,0.0
726,0,0,0.24604171902488062,0.016908073949327893,1.0,0.0,0.0,0.0,0.0,0.0,1.0,1.0,0.0,0.0
727,1,1,0.37170143252073384,0.04098927018018883,1.0,0.0,1.0,0.0,0.0,1.0,0.0,1.0,0.0,0.0
728,1,1,0.34656948982156316,0.015102594191391004,0.0,1.0,0.0,0.0,0.0,0.0,1.0,0.0,0.0,1.0
729,0,0,0.3088715757728072,0.050748620223090936,1.0,0.0,0.0,0.0,0.0,1.0,0.0,1.0,0.0,0.0
730,0,1,0.3088715757728072,0.015468569817999833,0.0,1.0,0.0,0.0,0.0,0.0,1.0,1.0,0.0,0.0
731,1,1,0.35913546117114853,0.41250332793836464,0.0,1.0,0.0,0.0,1.0,0.0,0.0,1.0,0.0,0.0
732,0,0,0.1329479768786127,0.036670757786204655,1.0,0.0,0.0,0.0,0.0,0.0,1.0,0.0,1.0,0.0
733,0,0,0.34656948982156316,0.0,1.0,0.0,0.0,0.0,0.0,1.0,0.0,1.0,0.0,0.0
734,0,0,0.2837396330736366,0.025374310111545468,1.0,0.0,0.0,0.0,0.0,1.0,0.0,1.0,0.0,0.0
735,0,0,0.2837396330736366,0.025374310111545468,1.0,0.0,0.0,0.0,0.0,1.0,0.0,1.0,0.0,0.0
736,0,0,0.35285247549635584,0.031425107138144774,1.0,0.0,0.0,0.0,0.0,0.0,1.0,1.0,0.0,0.0
737,0,1,0.5978889168132697,0.06709553154495196,1.0,0.0,1.0,0.0,0.0,0.0,1.0,1.0,0.0,0.0
738,1,0,0.4345312892686604,1.0,1.0,0.0,0.0,0.0,1.0,0.0,0.0,0.0,1.0,0.0
739,0,0,0.34656948982156316,0.015411575213749286,1.0,0.0,0.0,0.0,0.0,0.0,1.0,1.0,0.0,0.0
740,0,0,0.34656948982156316,0.015411575213749286,1.0,0.0,0.0,0.0,0.0,0.0,1.0,1.0,0.0,0.0
741,1,0,0.34656948982156316,0.05855610025741262,1.0,0.0,0.0,0.0,1.0,0.0,0.0,1.0,0.0,0.0
742,0,0,0.4470972606182458,0.15390495017656614,1.0,0.0,0.0,0.0,1.0,0.0,0.0,1.0,0.0,0.0
743,1,1,0.2586076903744659,0.5121218935012878,0.0,1.0,0.0,0.0,1.0,0.0,0.0,0.0,1.0,0.0
744,0,0,0.2963056044232219,0.031425107138144774,1.0,0.0,0.0,0.0,0.0,0.0,1.0,1.0,0.0,0.0
745,1,0,0.38426740387031916,0.015468569817999833,1.0,0.0,0.0,0.0,0.0,0.0,1.0,1.0,0.0,0.0
746,0,0,0.8743402865041467,0.13858277060920987,0.0,0.0,0.0,0.0,1.0,0.0,0.0,1.0,0.0,0.0
747,0,0,0.19577783362653933,0.03952536767375352,1.0,0.0,0.0,0.0,0.0,0.0,1.0,1.0,0.0,0.0
748,1,1,0.37170143252073384,0.025374310111545468,0.0,1.0,0.0,0.0,0.0,1.0,0.0,1.0,0.0,0.0
749,0,0,0.2334757476752953,0.10364429745562033,1.0,0.0,0.0,0.0,1.0,0.0,0.0,1.0,0.0,0.0
750,0,0,0.38426740387031916,0.015126992566498259,1.0,0.0,0.0,0.0,0.0,0.0,1.0,0.0,0.0,1.0
751,1,1,0.04498617743151546,0.044893010197349675,0.0,1.0,0.0,0.0,0.0,1.0,0.0,1.0,0.0,0.0
752,1,0,0.0701181201306861,0.024349578357040744,0.0,0.0,0.0,1.0,0.0,0.0,1.0,1.0,0.0,0.0
753,0,0,0.4093993465694898,0.018542765081513996,1.0,0.0,0.0,0.0,0.0,0.0,1.0,1.0,0.0,0.0
754,0,0,0.2837396330736366,0.015411575213749286,1.0,0.0,0.0,0.0,0.0,0.0,1.0,1.0,0.0,0.0
755,1,1,0.5978889168132697,0.12687155055772734,1.0,0.0,1.0,0.0,0.0,1.0,0.0,1.0,0.0,0.0
756,1,0,0.003141492837396331,0.028302115124416098,0.0,0.0,0.0,1.0,0.0,1.0,0.0,1.0,0.0,0.0
757,0,0,0.34656948982156316,0.015216388212891242,1.0,0.0,0.0,0.0,0.0,0.0,1.0,1.0,0.0,0.0
758,0,0,0.22090977632571,0.022446505098674838,1.0,0.0,0.0,0.0,0.0,1.0,0.0,1.0,0.0,0.0
759,0,0,0.4219653179190751,0.015712553569072387,1.0,0.0,0.0,0.0,0.0,0.0,1.0,1.0,0.0,0.0
760,1,1,0.4093993465694898,0.16883675574220638,0.0,0.0,0.0,0.0,1.0,0.0,0.0,1.0,0.0,0.0
761,0,0,0.34656948982156316,0.028302115124416098,1.0,0.0,0.0,0.0,0.0,0.0,1.0,1.0,0.0,0.0
762,0,0,0.5099271173661725,0.013907073811135496,1.0,0.0,0.0,0.0,0.0,0.0,1.0,1.0,0.0,0.0
763,1,0,0.24604171902488062,0.014110458666029575,1.0,0.0,0.0,0.0,0.0,0.0,1.0,0.0,1.0,0.0
764,1,1,0.4470972606182458,0.23422440102965048,1.0,0.0,1.0,0.0,1.0,0.0,0.0,1.0,0.0,0.0
765,0,0,0.19577783362653933,0.015175789316712771,1.0,0.0,0.0,0.0,0.0,0.0,1.0,1.0,0.0,0.0
766,1,1,0.6355868308620256,0.15216446768991498,1.0,0.0,1.0,0.0,1.0,0.0,0.0,1.0,0.0,0.0
767,0,0,0.34656948982156316,0.07729405233978466,0.0,0.0,0.0,0.0,1.0,0.0,0.0,0.0,1.0,0.0
768,0,1,0.3779844181955265,0.015126992566498259,0.0,1.0,0.0,0.0,0.0,0.0,1.0,0.0,0.0,1.0
769,0,0,0.34656948982156316,0.04713766070721715,1.0,0.0,0.0,0.0,0.0,0.0,1.0,0.0,0.0,1.0
770,0,0,0.39683337521990447,0.016322512946753766,1.0,0.0,0.0,0.0,0.0,0.0,1.0,1.0,0.0,0.0
771,0,0,0.2963056044232219,0.018542765081513996,1.0,0.0,0.0,0.0,0.0,0.0,1.0,1.0,0.0,0.0
772,0,0,0.5978889168132697,0.015330377421392339,1.0,0.0,0.0,0.0,0.0,0.0,1.0,1.0,0.0,0.0
773,0,1,0.7109826589595376,0.020494635090094415,1.0,0.0,1.0,0.0,0.0,1.0,0.0,1.0,0.0,0.0
774,0,0,0.34656948982156316,0.014102260811993537,1.0,0.0,0.0,0.0,0.0,0.0,1.0,0.0,1.0,0.0
775,1,1,0.6732847449107816,0.044893010197349675,1.0,0.0,1.0,0.0,0.0,1.0,0.0,1.0,0.0,0.0
776,0,0,0.22090977632571,0.015126992566498259,1.0,0.0,0.0,0.0,0.0,0.0,1.0,1.0,0.0,0.0
777,0,0,0.34656948982156316,0.015126992566498259,1.0,0.0,0.0,0.0,0.0,0.0,1.0,0.0,0.0,1.0
778,1,1,0.05755214878110078,0.024349578357040744,0.0,1.0,0.0,0.0,0.0,0.0,1.0,1.0,0.0,0.0
779,0,0,0.34656948982156316,0.015102594191391004,1.0,0.0,0.0,0.0,0.0,0.0,1.0,0.0,0.0,1.0
780,1,1,0.5350590600653431,0.41250332793836464,1.0,0.0,1.0,0.0,1.0,0.0,0.0,1.0,0.0,0.0
781,1,1,0.15807991957778336,0.014110458666029575,0.0,1.0,0.0,0.0,0.0,0.0,1.0,0.0,1.0,0.0
782,1,1,0.20834380497612465,0.11125659048908397,1.0,0.0,1.0,0.0,1.0,0.0,0.0,1.0,0.0,0.0
783,0,0,0.35913546117114853,0.05855610025741262,1.0,0.0,0.0,0.0,1.0,0.0,0.0,1.0,0.0,0.0
784,0,0,0.34656948982156316,0.04577135170121086,1.0,0.0,0.0,0.0,0.0,0.0,1.0,1.0,0.0,0.0
785,0,0,0.3088715757728072,0.013760683560491965,1.0,0.0,0.0,0.0,0.0,0.0,1.0,1.0,0.0,0.0
786,0,0,0.3088715757728072,0.014151057562208049,1.0,0.0,0.0,0.0,0.0,0.0,1.0,1.0,0.0,0.0
787,1,1,0.22090977632571,0.014630827210317117,0.0,1.0,0.0,0.0,0.0,0.0,1.0,1.0,0.0,0.0
788,0,0,0.09525006282985675,0.05684821399990475,0.0,0.0,0.0,1.0,0.0,0.0,1.0,0.0,0.0,1.0
789,1,0,0.007288263382759488,0.04015972542654215,0.0,0.0,0.0,1.0,0.0,0.0,1.0,1.0,0.0,0.0
790,0,0,0.5727569741140991,0.15458810467956932,1.0,0.0,0.0,0.0,1.0,0.0,0.0,0.0,1.0,0.0
791,0,0,0.34656948982156316,0.015126992566498259,1.0,0.0,0.0,0.0,0.0,0.0,1.0,0.0,0.0,1.0
792,0,0,0.19577783362653933,0.050748620223090936,1.0,0.0,0.0,0.0,0.0,1.0,0.0,1.0,0.0,0.0
793,0,1,0.34656948982156316,0.13575255909676825,0.0,1.0,0.0,0.0,0.0,0.0,1.0,1.0,0.0,0.0
794,0,0,0.34656948982156316,0.05991421140938287,1.0,0.0,0.0,0.0,1.0,0.0,0.0,0.0,1.0,0.0
795,0,0,0.3088715757728072,0.015411575213749286,1.0,0.0,0.0,0.0,0.0,0.0,1.0,1.0,0.0,0.0
796,0,0,0.4847951746670017,0.025374310111545468,1.0,0.0,0.0,0.0,0.0,1.0,0.0,1.0,0.0,0.0
797,1,1,0.610454888162855,0.050610427826483444,0.0,0.0,0.0,0.0,1.0,0.0,0.0,1.0,0.0,0.0
798,1,1,0.38426740387031916,0.016948672845506364,1.0,0.0,1.0,0.0,0.0,0.0,1.0,1.0,0.0,0.0
799,0,0,0.37170143252073384,0.014110458666029575,1.0,0.0,0.0,0.0,0.0,0.0,1.0,0.0,1.0,0.0
800,0,1,0.37170143252073384,0.04713766070721715,1.0,0.0,1.0,0.0,0.0,0.0,1.0,1.0,0.0,0.0
801,0,0,0.4219653179190751,0.025374310111545468,1.0,0.0,0.0,0.0,0.0,1.0,0.0,1.0,0.0,0.0
802,1,1,0.38426740387031916,0.05123658772523604,1.0,0.0,1.0,0.0,0.0,1.0,0.0,1.0,0.0,0.0
803,1,0,0.1329479768786127,0.23422440102965048,0.0,0.0,0.0,1.0,1.0,0.0,0.0,1.0,0.0,0.0
804,1,0,0.0,0.016623491302076868,0.0,0.0,0.0,1.0,0.0,0.0,1.0,0.0,1.0,0.0
805,1,0,0.33400351847197784,0.013614293309848433,1.0,0.0,0.0,0.0,0.0,0.0,1.0,1.0,0.0,0.0
806,0,0,0.38426740387031916,0.015175789316712771,1.0,0.0,0.0,0.0,0.0,0.0,1.0,1.0,0.0,0.0
807,0,0,0.4847951746670017,0.0,1.0,0.0,0.0,0.0,1.0,0.0,0.0,1.0,0.0,0.0
808,0,1,0.22090977632571,0.015175789316712771,0.0,1.0,0.0,0.0,0.0,0.0,1.0,1.0,0.0,0.0
809,0,0,0.4847951746670017,0.025374310111545468,1.0,0.0,0.0,0.0,0.0,1.0,0.0,1.0,0.0,0.0
810,1,1,0.4093993465694898,0.10364429745562033,1.0,0.0,1.0,0.0,1.0,0.0,0.0,1.0,0.0,0.0
811,0,0,0.32143754712239253,0.015395374692678068,1.0,0.0,0.0,0.0,0.0,0.0,1.0,1.0,0.0,0.0
812,0,0,0.4847951746670017,0.04713766070721715,1.0,0.0,0.0,0.0,0.0,0.0,1.0,1.0,0.0,0.0
813,0,0,0.4345312892686604,0.020494635090094415,1.0,0.0,0.0,0.0,0.0,1.0,0.0,1.0,0.0,0.0
814,0,1,0.0701181201306861,0.06104473451835265,0.0,1.0,0.0,0.0,0.0,0.0,1.0,1.0,0.0,0.0
815,0,0,0.3779844181955265,0.015712553569072387,1.0,0.0,0.0,0.0,0.0,0.0,1.0,1.0,0.0,0.0
816,0,0,0.34656948982156316,0.0,1.0,0.0,0.0,0.0,1.0,0.0,0.0,1.0,0.0,0.0
817,0,1,0.2837396330736366,0.015468569817999833,0.0,1.0,0.0,0.0,0.0,0.0,1.0,1.0,0.0,0.0
818,0,0,0.38426740387031916,0.07222738817151159,1.0,0.0,0.0,0.0,0.0,1.0,0.0,0.0,1.0,0.0
819,0,0,0.5350590600653431,0.012589561555343713,1.0,0.0,0.0,0.0,0.0,0.0,1.0,1.0,0.0,0.0
820,0,0,0.12038200552902739,0.05445717323939373,0.0,0.0,0.0,1.0,0.0,0.0,1.0,1.0,0.0,0.0
821,1,1,0.648152802211611,0.18249984580226933,1.0,0.0,1.0,0.0,1.0,0.0,0.0,1.0,0.0,0.0
822,1,0,0.33400351847197784,0.016908073949327893,1.0,0.0,0.0,0.0,0.0,0.0,1.0,1.0,0.0,0.0
823,0,0,0.4722292033174164,0.0,0.0,0.0,0.0,0.0,1.0,0.0,0.0,1.0,0.0,0.0
824,1,1,0.33400351847197784,0.024349578357040744,1.0,0.0,1.0,0.0,0.0,0.0,1.0,1.0,0.0,0.0
825,0,0,0.01985423473234481,0.07746484096553544,0.0,0.0,0.0,1.0,0.0,0.0,1.0,1.0,0.0,0.0
826,0,0,0.34656948982156316,0.013565496559633922,1.0,0.0,0.0,0.0,0.0,0.0,1.0,0.0,0.0,1.0
827,0,0,0.34656948982156316,0.11027245763075773,1.0,0.0,0.0,0.0,0.0,0.0,1.0,1.0,0.0,0.0
828,1,0,0.007288263382759488,0.07222738817151159,0.0,0.0,0.0,1.0,0.0,1.0,0.0,0.0,1.0,0.0
829,1,0,0.34656948982156316,0.015126992566498259,1.0,0.0,0.0,0.0,0.0,0.0,1.0,0.0,0.0,1.0
830,1,1,0.7738125157074642,0.15614960068643363,1.0,0.0,1.0,0.0,1.0,0.0,0.0,1.0,0.0,0.0
831,1,1,0.18321186227695402,0.028212719478023115,1.0,0.0,1.0,0.0,0.0,0.0,1.0,0.0,1.0,0.0
832,1,0,0.005152048253329982,0.03659756266088288,0.0,0.0,0.0,1.0,0.0,1.0,0.0,1.0,0.0,0.0
833,0,0,0.34656948982156316,0.014110458666029575,1.0,0.0,0.0,0.0,0.0,0.0,1.0,0.0,1.0,0.0
834,0,0,0.2837396330736366,0.015330377421392339,1.0,0.0,0.0,0.0,0.0,0.0,1.0,1.0,0.0,0.0
835,0,0,0.22090977632571,0.016200521071217493,1.0,0.0,0.0,0.0,0.0,0.0,1.0,1.0,0.0,0.0
836,1,1,0.4847951746670017,0.16231419173453318,0.0,1.0,0.0,0.0,1.0,0.0,0.0,0.0,1.0,0.0
837,0,0,0.2586076903744659,0.016908073949327893,1.0,0.0,0.0,0.0,0.0,0.0,1.0,1.0,0.0,0.0
838,0,0,0.34656948982156316,0.015712553569072387,1.0,0.0,0.0,0.0,0.0,0.0,1.0,1.0,0.0,0.0
839,1,0,0.39683337521990447,0.11027245763075773,1.0,0.0,0.0,0.0,0.0,0.0,1.0,1.0,0.0,0.0
840,1,0,0.34656948982156316,0.057970539254838485,1.0,0.0,0.0,0.0,1.0,0.0,0.0,0.0,1.0,0.0
841,0,0,0.24604171902488062,0.015468569817999833,1.0,0.0,0.0,0.0,0.0,0.0,1.0,1.0,0.0,0.0
842,0,0,0.19577783362653933,0.020494635090094415,1.0,0.0,0.0,0.0,0.0,1.0,0.0,1.0,0.0,0.0
843,1,1,0.37170143252073384,0.060507970265993034,0.0,1.0,0.0,0.0,1.0,0.0,0.0,0.0,1.0,0.0
844,0,0,0.4282483035938678,0.012565163180236457,1.0,0.0,0.0,0.0,0.0,0.0,1.0,0.0,1.0,0.0
845,0,0,0.20834380497612465,0.016908073949327893,1.0,0.0,0.0,0.0,0.0,0.0,1.0,1.0,0.0,0.0
846,0,0,0.5224930887157577,0.014736618564782174,1.0,0.0,0.0,0.0,0.0,0.0,1.0,1.0,0.0,0.0
847,0,0,0.34656948982156316,0.13575255909676825,1.0,0.0,0.0,0.0,0.0,0.0,1.0,1.0,0.0,0.0
848,0,0,0.4345312892686604,0.015411575213749286,1.0,0.0,0.0,0.0,0.0,0.0,1.0,0.0,1.0,0.0
849,0,0,0.34656948982156316,0.06441171028315387,0.0,0.0,0.0,0.0,0.0,1.0,0.0,1.0,0.0,0.0
850,1,1,0.34656948982156316,0.17391981561855152,1.0,0.0,1.0,0.0,1.0,0.0,0.0,0.0,1.0,0.0
851,0,0,0.04498617743151546,0.06104473451835265,0.0,0.0,0.0,1.0,0.0,0.0,1.0,1.0,0.0,0.0
852,0,0,0.9246041719024881,0.015175789316712771,1.0,0.0,0.0,0.0,0.0,0.0,1.0,1.0,0.0,0.0
853,0,1,0.10781603417944208,0.029757819776815374,0.0,1.0,0.0,0.0,0.0,0.0,1.0,0.0,1.0,0.0
854,1,1,0.19577783362653933,0.07690367833806856,0.0,1.0,0.0,0.0,1.0,0.0,0.0,1.0,0.0,0.0
855,0,1,0.5476250314149284,0.050748620223090936,1.0,0.0,1.0,0.0,0.0,1.0,0.0,1.0,0.0,0.0
856,1,1,0.22090977632571,0.018249984580226933,1.0,0.0,1.0,0.0,0.0,0.0,1.0,1.0,0.0,0.0
857,1,1,0.5601910027645137,0.32179836714362564,1.0,0.0,1.0,0.0,1.0,0.0,0.0,1.0,0.0,0.0
858,1,0,0.6355868308620256,0.051822148727810165,1.0,0.0,0.0,0.0,1.0,0.0,0.0,1.0,0.0,0.0
859,1,1,0.2963056044232219,0.03758969818624431,1.0,0.0,1.0,0.0,0.0,0.0,1.0,0.0,1.0,0.0
860,0,0,0.34656948982156316,0.014110458666029575,1.0,0.0,0.0,0.0,0.0,0.0,1.0,0.0,1.0,0.0
861,0,0,0.5099271173661725,0.027537567642055148,1.0,0.0,0.0,0.0,0.0,0.0,1.0,1.0,0.0,0.0
862,0,0,0.2586076903744659,0.022446505098674838,1.0,0.0,0.0,0.0,0.0,1.0,0.0,1.0,0.0,0.0
863,1,1,0.5978889168132697,0.050610427826483444,1.0,0.0,1.0,0.0,1.0,0.0,0.0,1.0,0.0,0.0
864,0,1,0.34656948982156316,0.13575255909676825,0.0,1.0,0.0,0.0,0.0,0.0,1.0,1.0,0.0,0.0
865,0,0,0.2963056044232219,0.025374310111545468,1.0,0.0,0.0,0.0,0.0,1.0,0.0,1.0,0.0,0.0
866,1,1,0.5224930887157577,0.025374310111545468,1.0,0.0,1.0,0.0,0.0,1.0,0.0,1.0,0.0,0.0
867,1,1,0.33400351847197784,0.027049600139910042,0.0,1.0,0.0,0.0,0.0,1.0,0.0,0.0,1.0,0.0
868,0,0,0.38426740387031916,0.09856123757927521,1.0,0.0,0.0,0.0,1.0,0.0,0.0,1.0,0.0,0.0
869,0,0,0.34656948982156316,0.018542765081513996,1.0,0.0,0.0,0.0,0.0,0.0,1.0,1.0,0.0,0.0
870,1,0,0.04498617743151546,0.021730754366528396,0.0,0.0,0.0,1.0,0.0,0.0,1.0,1.0,0.0,0.0
871,0,0,0.32143754712239253,0.015411575213749286,1.0,0.0,0.0,0.0,0.0,0.0,1.0,1.0,0.0,0.0
872,1,1,0.5853229454636844,0.10257896680493714,1.0,0.0,1.0,0.0,1.0,0.0,0.0,1.0,0.0,0.0
873,0,0,0.4093993465694898,0.009759350042902102,1.0,0.0,0.0,0.0,1.0,0.0,0.0,1.0,0.0,0.0
874,0,0,0.5853229454636844,0.017566830077223785,1.0,0.0,0.0,0.0,0.0,0.0,1.0,1.0,0.0,0.0
875,1,1,0.34656948982156316,0.04684488020593009,1.0,0.0,1.0,0.0,0.0,1.0,0.0,0.0,1.0,0.0
876,1,1,0.18321186227695402,0.014102260811993537,0.0,1.0,0.0,0.0,0.0,0.0,1.0,0.0,1.0,0.0
877,0,0,0.24604171902488062,0.019217721730481106,1.0,0.0,0.0,0.0,0.0,0.0,1.0,1.0,0.0,0.0
878,0,0,0.2334757476752953,0.015411575213749286,1.0,0.0,0.0,0.0,0.0,0.0,1.0,1.0,0.0,0.0
879,0,0,0.34656948982156316,0.015411575213749286,1.0,0.0,0.0,0.0,0.0,0.0,1.0,1.0,0.0,0.0
880,1,1,0.6984166876099522,0.16231419173453318,1.0,0.0,1.0,0.0,1.0,0.0,0.0,0.0,1.0,0.0
881,1,1,0.3088715757728072,0.050748620223090936,1.0,0.0,1.0,0.0,0.0,1.0,0.0,1.0,0.0,0.0
882,0,0,0.4093993465694898,0.015411575213749286,1.0,0.0,0.0,0.0,0.0,0.0,1.0,1.0,0.0,0.0
883,0,1,0.2711736617240512,0.02052723131923771,0.0,1.0,0.0,0.0,0.0,0.0,1.0,1.0,0.0,0.0
884,0,0,0.34656948982156316,0.020494635090094415,1.0,0.0,0.0,0.0,0.0,1.0,0.0,1.0,0.0,0.0
885,0,0,0.3088715757728072,0.013760683560491965,1.0,0.0,0.0,0.0,0.0,0.0,1.0,1.0,0.0,0.0
886,0,1,0.4847951746670017,0.05684821399990475,1.0,0.0,1.0,0.0,0.0,0.0,1.0,0.0,0.0,1.0
887,0,0,0.33400351847197784,0.025374310111545468,0.0,0.0,0.0,0.0,0.0,1.0,0.0,1.0,0.0,0.0
888,1,1,0.2334757476752953,0.05855610025741262,0.0,1.0,0.0,0.0,1.0,0.0,0.0,1.0,0.0,0.0
889,0,1,0.34656948982156316,0.04577135170121086,0.0,1.0,0.0,0.0,0.0,0.0,1.0,1.0,0.0,0.0
890,1,0,0.32143754712239253,0.05855610025741262,1.0,0.0,0.0,0.0,1.0,0.0,0.0,0.0,1.0,0.0
891,0,0,0.39683337521990447,0.015126992566498259,1.0,0.0,0.0,0.0,0.0,0.0,1.0,0.0,0.0,1.0
